"ID","dt","DRk","Vts","gflow","gfhigh","SpeakontoSurf","Roomheight","RoomairflowNFFF","Roomvolumemin","Roomvolumemax","RoomACHmin","RoomACHmax","RoomUVCpurificationinroom","RoomUVCmaxflowrate","RoomUVCeffmin","RoomUVCeffmax","Roomwindowsopen","Roomwindspeedmin","Roomwindspeedmax","RoomsoaW","RoomsoaH","RoomsoaP","RoomNFw","RoomNFh","RoomNFd","Infected","InfStageofInfection","Infcoughrateperhourmin","Infcoughrateperhourmax","Infcoughrateperhourmode","InfCsprayprobmin","InfCsprayprobmax","InfCsprayprobmode","InfCexhaleprobmin","InfCexhaleprobmax","InfCexhaleprobmode","InfsurfacesNF","InfsurfacesFF","Infnonsilenttime","Infsalivastudy","InfsalivaIwasakimin","InfsalivaIwasakimax","InfsalivaChenshape","InfsalivaChenscale","InfEairTalkSmean","InfEairTalkSsd","Sufinger","Suface","Sueye","SuFFtimemin","SuFFtimemax","SuTmaxa","SuTmaxb","SuTmaxc","INACTIVaira","INACTIVairb","INACTIVairc","INACTIVsurfacea","INACTIVsurfaceb","INACTIVsurfacec","INACTIVskinmean","INACTIVskinsd","TRANSsurface.skinshape","TRANSsurface.skinscale","TRANSskin.abs","CONTACTsurfaceNF.handa","CONTACTsurfaceNF.handb","CONTACTsurfaceNF.handc","CONTACTsurfaceFF.handa","CONTACTsurfaceFF.handb","CONTACTsurfaceFF.handc","CONTACTface.handsize","CONTACTface.handmu","SuTARGETmin","SuTARGETmax","SuCeyeprob","SuCSPRAYprobmin","SuCSPRAYprobmax","SuCSPRAYprobmode","SuCinhaleprobmin","SuCinhaleprobmax","SuCinhaleprobmode","SuChandtouchmin","SuChandtouchmax","SuChandtouchmode","SuCfomiteprobmin","SuCfomiteprobmax","SuCfomiteprobmode","SuSPRAYprob","Su","V","W","Vn","NFsizeperc","betaNF","ACH","pSPRAY","FFtime","Tmax","Infcoughrateperhour","Ncough","FFinfected","COUGHrate","CONCsaliva","gf","Infactivity","InfEairTalkS","EairTalkS","InfEairTalkSQA","INACTIVair","INACTIVsurface","INACTIVskin","Aportals","TRANSsurface.skin","TRANSskin","CONTACTsurfaceNF.hand","CONTACTsurfaceFF.hand","CONTACTface.hand","pTARGET","ExtraExpVolStudy","distsalivavirusconc","Feye","Fspray","Finhale","Ffomite","rateEair","rateEsurface","rateEair2","rateEsurface2","nsteps","probthin","probinsp","Nsurface","Nsurface2","Nair","Nair2","doseFACE","doseLUNG","doseLUNGFF","doseSPRAY","rFACE","rSPRAY","rLUNGNF","rLUNGFF","rOVERALL","numberinfected"
"Meeting_room_1",0.001,410,0.000285,130,130,"Y",2.75,3.7,110,112,3.2,3.6,"N",NA,NA,NA,"N",NA,NA,NA,NA,NA,2,2,2.75,1,"Peak",0,0,0,1,1,1,1,1,1,18000,4500,0.5,"Chen",0,8.671451,3.47,7.01,7,0.7,10,10,5.2,40,60,115,125,120,0.096,0.42,0.253,0.036,0.053,0.044,71.9,23.5,0.94,0.23,NA,370,720,479,74,720,96,0.54,8.58,0.001,0.1,1,1,1,1,1,1,1,1,1,1,1,1,1,0.05,1,"110.778142750263","6.34688592934328","11","0.0992975665316781","6.412593585751","3.4332242872566","0.05","40","122.285513217384","0","0","0","0","551022.959009155","130","resting-speaking","411.963735460513","411.963735460513","411.963735460513","0.00303198941736749","0.000738006862080243","0.462525515686954","15.2","0.551892963694927","0.551892963694927","9.76712763715395","2.33975725007263","0.0735982518550737","0.0348665515852626","Duguid","equal","1","1","1","1","3.16895181123472","0.370998662300682","0","0","122285","0.004","0.00632911392405063","502.703540255624","0","4.92248184423862","0","0.0238654506272756","3.1876783797708","0.211950502548461","0","5.82067220871174e-05","0","0.00774467953880664","0.000516818848346867","0.00832328722850021","0.00832328722850021"
"Meeting_room_1",0.001,410,0.000285,130,130,"Y",2.75,3.7,110,112,3.2,3.6,"N",NA,NA,NA,"N",NA,NA,NA,NA,NA,2,2,2.75,1,"Peak",0,0,0,1,1,1,1,1,1,18000,4500,0.5,"Chen",0,8.671451,3.47,7.01,7,0.7,10,10,5.2,40,60,115,125,120,0.096,0.42,0.253,0.036,0.053,0.044,71.9,23.5,0.94,0.23,NA,370,720,479,74,720,96,0.54,8.58,0.001,0.1,1,1,1,1,1,1,1,1,1,1,1,1,1,0.05,1,"110.724292536266","6.34534310373338","11","0.0993458594137967","6.41415276284328","3.30943926265463","0.05","60","117.499906628512","0","0","0","0","23087.0027367951","130","resting-speaking","1283.11271337673","1283.11271337673","1283.11271337673","0.00251180798533989","0.000680240231561459","1.23366715204368","15.2","0.616371277160455","0.616371277160455","9.39769417602145","7.04309613880454","0","0.0147451298416127","Duguid","equal","1","1","1","1","9.8700977952056","0.0151188890181875","0","0","117499","0.004","0.00632911392405063","22.225808349328","0","15.3900477377302","0","0","6.62114786246166","0.98025650161063","0","0","0","0.0160194428588142","0.00238801366404517","0.0184457111712966","0.0184457111712966"
"Meeting_room_1",0.001,410,0.000285,130,130,"Y",2.75,3.7,110,112,3.2,3.6,"N",NA,NA,NA,"N",NA,NA,NA,NA,NA,2,2,2.75,1,"Peak",0,0,0,1,1,1,1,1,1,18000,4500,0.5,"Chen",0,8.671451,3.47,7.01,7,0.7,10,10,5.2,40,60,115,125,120,0.096,0.42,0.253,0.036,0.053,0.044,71.9,23.5,0.94,0.23,NA,370,720,479,74,720,96,0.54,8.58,0.001,0.1,1,1,1,1,1,1,1,1,1,1,1,1,1,0.05,1,"110.087434981484","6.327068400035","11","0.0999205767838095","6.43267899550048","3.40605216212571","0.05","60","119.599277585357","0","0","0","0","104133275.47737","130","resting-speaking","785.452897622212","785.452897622212","785.452897622212","0.00266905703347","0.000635443615842392","1.14323847534445","15.2","0.0746848871272534","0.0746848871272534","7.86278814595179","2.24789571418605","0","0.0575994496275671","Duguid","equal","1","1","1","1","6.0419453663247","105.223831779438","0","0","119599","0.004","0.00632911392405063","165591.138467801","0","9.37048378183067","0","0","4.04542170144177","0.598428658489878","0","0","0","0.00981836422132132","0.00145851742198833","0.0112912018985819","0.0112912018985819"
"Meeting_room_1",0.001,410,0.000285,130,130,"Y",2.75,3.7,110,112,3.2,3.6,"N",NA,NA,NA,"N",NA,NA,NA,NA,NA,2,2,2.75,1,"Peak",0,0,0,1,1,1,1,1,1,18000,4500,0.5,"Chen",0,8.671451,3.47,7.01,7,0.7,10,10,5.2,40,60,115,125,120,0.096,0.42,0.253,0.036,0.053,0.044,71.9,23.5,0.94,0.23,NA,370,720,479,74,720,96,0.54,8.58,0.001,0.1,1,1,1,1,1,1,1,1,1,1,1,1,1,0.05,1,"111.333231473342","6.36276759318235","11","0.0988024856049734","6.39658755470021","3.21384212085977","0.05","60","119.723917865571","0","0","0","0","1350389.35563259","130","resting-speaking","428.511265115111","428.511265115111","428.511265115111","0.00638500451827254","0.000786504464353473","1.21712216107695","15.2","0.0182725991400565","0.0182725991400565","7.49401210901388","8.04350158379101","0.0501152994904238","0.0605406519591343","Duguid","equal","1","1","1","1","3.29624050088547","0.852054015250414","0","0","119723","0.004","0.00632911392405063","1083.34288471055","0","5.1342515531446","0","0.000105654505432724","2.19568269707592","0.31969502395381","0","2.57693882455001e-07","0","0.00534100946945748","0.000779440039539447","0.00612486902509568","0.00612486902509568"
"Meeting_room_1",0.001,410,0.000285,130,130,"Y",2.75,3.7,110,112,3.2,3.6,"N",NA,NA,NA,"N",NA,NA,NA,NA,NA,2,2,2.75,1,"Peak",0,0,0,1,1,1,1,1,1,18000,4500,0.5,"Chen",0,8.671451,3.47,7.01,7,0.7,10,10,5.2,40,60,115,125,120,0.096,0.42,0.253,0.036,0.053,0.044,71.9,23.5,0.94,0.23,NA,370,720,479,74,720,96,0.54,8.58,0.001,0.1,1,1,1,1,1,1,1,1,1,1,1,1,1,0.05,1,"111.644720948767","6.37166229056485","11","0.0985268260471342","6.38765806220906","3.20748177897185","0.05","60","120.999298497266","0","0","0","0","335365.281727923","130","resting-speaking","1553.73476926864","1553.73476926864","1553.73476926864","0.0042527473399255","0.000748135979855343","1.35637770992177","15.2","0.0710033465736797","0.0710033465736797","8.71899181637929","6.21772388684896","0","0.0330971684840042","Duguid","equal","1","1","1","1","11.9518059174511","0.24761440555749","0","0","120999","0.004","0.00632911392405063","330.975133164118","0","18.705140636413","0","0","8.27568210577875","1.21479606153423","0","0","0","0.019982245359864","0.00295853211599073","0.0229998955905015","0.0229998955905015"
"Meeting_room_1",0.001,410,0.000285,130,130,"Y",2.75,3.7,110,112,3.2,3.6,"N",NA,NA,NA,"N",NA,NA,NA,NA,NA,2,2,2.75,1,"Peak",0,0,0,1,1,1,1,1,1,18000,4500,0.5,"Chen",0,8.671451,3.47,7.01,7,0.7,10,10,5.2,40,60,115,125,120,0.096,0.42,0.253,0.036,0.053,0.044,71.9,23.5,0.94,0.23,NA,370,720,479,74,720,96,0.54,8.58,0.001,0.1,1,1,1,1,1,1,1,1,1,1,1,1,1,0.05,1,"110.716878924053","6.34513067202798","11","0.0993525116215163","6.41436750537271","3.36770246848464","0.05","60","121.080131404728","0","0","0","0","176696610.599497","130","resting-speaking","1855.17350964997","1855.17350964997","1855.17350964997","0.00368487359650998","0.000728310647799648","1.47208017366285","15.2","0.237415011112345","0.237415011112345","8.64152233548854","1.42244992108632","0.0165179866985337","0.0208951974376105","Duguid","equal","1","1","1","1","14.2705654588459","135.092026338291","0","0","121080","0.004","0.00632911392405063","185486.820419868","0","22.1767021659891","0","0.21797225666539","9.67005623232657","1.41274477792077","0","0.000531498355084925","0","0.0233095388714748","0.00343978929354849","0.0273504882986254","0.0273504882986254"
"Meeting_room_1",0.001,410,0.000285,130,130,"Y",2.75,3.7,110,112,3.2,3.6,"N",NA,NA,NA,"N",NA,NA,NA,NA,NA,2,2,2.75,1,"Peak",0,0,0,1,1,1,1,1,1,18000,4500,0.5,"Chen",0,8.671451,3.47,7.01,7,0.7,10,10,5.2,40,60,115,125,120,0.096,0.42,0.253,0.036,0.053,0.044,71.9,23.5,0.94,0.23,NA,370,720,479,74,720,96,0.54,8.58,0.001,0.1,1,1,1,1,1,1,1,1,1,1,1,1,1,0.05,1,"111.718445512","6.37376570616548","11","0.0984618068179118","6.38555006197201","3.2208962354809","0.05","50","118.875904061429","0","0","0","0","230605454.718032","130","resting-speaking","1979.72449779294","1979.72449779294","1979.72449779294","0.0027407430116435","0.00067855287150464","0.84411938880941","15.2","0.0499104240726844","0.0499104240726844","7.62914916522958","5.00478446536304","0.00841213371116193","0.0901924980201293","Duguid","equal","1","1","1","1","15.2286499830226","171.287464665879","0","0","118875","0.004","0.00632911392405063","252430.535421746","0","23.8889055754304","0","0.0677678265928725","13.2782308004597","1.26420481096933","0","0.000165273722727122","0","0.0318671203701008","0.00307867749132507","0.0352044384119949","0.0352044384119949"
"Meeting_room_1",0.001,410,0.000285,130,130,"Y",2.75,3.7,110,112,3.2,3.6,"N",NA,NA,NA,"N",NA,NA,NA,NA,NA,2,2,2.75,1,"Peak",0,0,0,1,1,1,1,1,1,18000,4500,0.5,"Chen",0,8.671451,3.47,7.01,7,0.7,10,10,5.2,40,60,115,125,120,0.096,0.42,0.253,0.036,0.053,0.044,71.9,23.5,0.94,0.23,NA,370,720,479,74,720,96,0.54,8.58,0.001,0.1,1,1,1,1,1,1,1,1,1,1,1,1,1,0.05,1,"110.277150554582","6.33251782625586","11","0.099748678168425","6.42714337593332","3.54420359367505","0.05","40","122.552943521366","0","0","0","0","1841.65198525013","130","resting-speaking","716.966728430557","716.966728430557","716.966728430557","0.00215771019733904","0.000694983500700265","1.59423882059584","15.2","0.106301965524171","0.106301965524171","7.65268663940889","5.6248420537044","0","0.0136232559499331","Duguid","equal","1","1","1","1","5.51512868023506","0.00135409093511436","0","0","122552","0.004","0.00632911392405063","1.94837853524577","0","8.53640262522882","0","0","5.59711493143056","0.358510736224338","0","0","0","0.013558740689148","0.000874034239175092","0.0144446257319255","0.0144446257319255"
"Meeting_room_1",0.001,410,0.000285,130,130,"Y",2.75,3.7,110,112,3.2,3.6,"N",NA,NA,NA,"N",NA,NA,NA,NA,NA,2,2,2.75,1,"Peak",0,0,0,1,1,1,1,1,1,18000,4500,0.5,"Chen",0,8.671451,3.47,7.01,7,0.7,10,10,5.2,40,60,115,125,120,0.096,0.42,0.253,0.036,0.053,0.044,71.9,23.5,0.94,0.23,NA,370,720,479,74,720,96,0.54,8.58,0.001,0.1,1,1,1,1,1,1,1,1,1,1,1,1,1,0.05,1,"110.559518986847","6.34061995784029","11","0.0994939205669719","6.41893068353256","3.51651758020744","0.05","40","120.909655471389","0","0","0","0","96942166.1618432","130","resting-speaking","1512.56745663804","1512.56745663804","1512.56745663804","0.0060390477212899","0.000716688989420134","1.66188011398292","15.2","0.0421646271071991","0.0421646271071991","7.87437313493928","5.05079582493793","0.0165412761470754","0.031874444979243","Duguid","equal","1","1","1","1","11.6351342818311","76.2255692583189","0","0","120909","0.004","0.00632911392405063","106357.946589904","0","17.9348724535958","0","0.0106288908136903","11.0117079290417","0.715266356557966","0","2.5923787908666e-05","0","0.0265003602409724","0.00174303124269704","0.0283148656211192","0.0283148656211192"
"Meeting_room_1",0.001,410,0.000285,130,130,"Y",2.75,3.7,110,112,3.2,3.6,"N",NA,NA,NA,"N",NA,NA,NA,NA,NA,2,2,2.75,1,"Peak",0,0,0,1,1,1,1,1,1,18000,4500,0.5,"Chen",0,8.671451,3.47,7.01,7,0.7,10,10,5.2,40,60,115,125,120,0.096,0.42,0.253,0.036,0.053,0.044,71.9,23.5,0.94,0.23,NA,370,720,479,74,720,96,0.54,8.58,0.001,0.1,1,1,1,1,1,1,1,1,1,1,1,1,1,0.05,1,"110.791880430654","6.34727945818031","11","0.0992852540930115","6.41219600746368","3.41309919431806","0.05","60","119.659332351196","0","0","0","0","167707285.787737","130","resting-speaking","2547.91619179143","2547.91619179143","2547.91619179143","0.0020529407088397","0.000667586658411414","1.75357933991332","15.2","0.674659604941451","0.674659604941451","10.1694417682792","4.6434305262387","0","0.015665811635321","Duguid","equal","1","1","1","1","19.5993553214726","114.163063478988","0","0","119659","0.004","0.00632911392405063","171008.605460525","0","30.5086094418023","0","0","13.1992499282592","1.94411628625441","0","0","0","0.0316806048955152","0.00473052270514396","0.0365609934214301","0.0365609934214301"
"Meeting_room_1",0.001,410,0.000285,130,130,"Y",2.75,3.7,110,112,3.2,3.6,"N",NA,NA,NA,"N",NA,NA,NA,NA,NA,2,2,2.75,1,"Peak",0,0,0,1,1,1,1,1,1,18000,4500,0.5,"Chen",0,8.671451,3.47,7.01,7,0.7,10,10,5.2,40,60,115,125,120,0.096,0.42,0.253,0.036,0.053,0.044,71.9,23.5,0.94,0.23,NA,370,720,479,74,720,96,0.54,8.58,0.001,0.1,1,1,1,1,1,1,1,1,1,1,1,1,1,0.05,1,"111.999770469032","6.38178574236602","11","0.0982144869934486","6.37752529512384","3.47938515413553","0.05","60","120.488498985087","0","0","0","0","75632518.6687697","130","resting-speaking","1026.14240353393","1026.14240353393","1026.14240353393","0.00189068268859164","0.00076176486773515","1.97489227448702","15.2","0.0683813941127683","0.0683813941127683","8.1550011111785","2.02618236359375","0.390078724491517","0.0228024132146966","Duguid","equal","1","1","1","1","7.89340310410719","62.3078795451188","0","0","120488","0.004","0.00632911392405063","81794.1102093225","0","12.3294910166455","0","0.208749519366079","5.20676934297902","0.776082256675096","0","0.000509015576778626","0","0.012619139837286","0.00189109317862857","0.0150376639662341","0.0150376639662341"
"Meeting_room_1",0.001,410,0.000285,130,130,"Y",2.75,3.7,110,112,3.2,3.6,"N",NA,NA,NA,"N",NA,NA,NA,NA,NA,2,2,2.75,1,"Peak",0,0,0,1,1,1,1,1,1,18000,4500,0.5,"Chen",0,8.671451,3.47,7.01,7,0.7,10,10,5.2,40,60,115,125,120,0.096,0.42,0.253,0.036,0.053,0.044,71.9,23.5,0.94,0.23,NA,370,720,479,74,720,96,0.54,8.58,0.001,0.1,1,1,1,1,1,1,1,1,1,1,1,1,1,0.05,1,"111.552695003338","6.36903574843557","11","0.0986081062377814","6.39029228403957","3.44007379608229","0.05","60","120.054715126453","0","0","0","0","64533618.1097607","130","resting-speaking","490.698895252319","490.698895252319","490.698895252319","0.00418717979203787","0.000742637573404979","1.09913531312802","15.2","0.0223378374900065","0.0223378374900065","8.15749338425454","2.0520595166935","0.049977212420855","0.0667254145364277","Duguid","equal","1","1","1","1","3.7746068865563","53.6083508934232","0","0","120054","0.004","0.00632911392405063","72186.4241902412","0","5.87022173387305","0","0.0141690041234974","2.46331991813724","0.358729727950423","0","3.45579495030224e-05","0","0.00599008483608121","0.000874567898349277","0.00690427281910349","0.00690427281910349"
"Meeting_room_1",0.001,410,0.000285,130,130,"Y",2.75,3.7,110,112,3.2,3.6,"N",NA,NA,NA,"N",NA,NA,NA,NA,NA,2,2,2.75,1,"Peak",0,0,0,1,1,1,1,1,1,18000,4500,0.5,"Chen",0,8.671451,3.47,7.01,7,0.7,10,10,5.2,40,60,115,125,120,0.096,0.42,0.253,0.036,0.053,0.044,71.9,23.5,0.94,0.23,NA,370,720,479,74,720,96,0.54,8.58,0.001,0.1,1,1,1,1,1,1,1,1,1,1,1,1,1,0.05,1,"110.926470361184","6.35113362425622","11","0.0991647887486479","6.40830478586669","3.45846222545952","0.05","40","119.034753322853","0","0","0","0","8588223.2324842","130","resting-speaking","993.154798766123","993.154798766123","993.154798766123","0.00344198376712426","0.000808530786688366","0.558625213506672","15.2","0.103720780349016","0.103720780349016","9.24689433855403","2.84434583053858","0.193220881784147","0.0186493037696928","Duguid","equal","1","1","1","1","7.63965229820094","7.0634184168754","0","0","119034","0.004","0.00632911392405063","8736.11559778226","0","11.8589259941048","0","0.0636544736040372","7.43309577129574","0.48342640422501","0","0.00015524276226353","0","0.0179661511076131","0.00117839393872865","0.0193183561210538","0.0193183561210538"
"Meeting_room_1",0.001,410,0.000285,130,130,"Y",2.75,3.7,110,112,3.2,3.6,"N",NA,NA,NA,"N",NA,NA,NA,NA,NA,2,2,2.75,1,"Peak",0,0,0,1,1,1,1,1,1,18000,4500,0.5,"Chen",0,8.671451,3.47,7.01,7,0.7,10,10,5.2,40,60,115,125,120,0.096,0.42,0.253,0.036,0.053,0.044,71.9,23.5,0.94,0.23,NA,370,720,479,74,720,96,0.54,8.58,0.001,0.1,1,1,1,1,1,1,1,1,1,1,1,1,1,0.05,1,"110.796730527654","6.34741838796485","11","0.0992809079077876","6.41205565985221","3.51681861663237","0.05","40","121.93141217979","0","0","0","0","557136542.817258","130","resting-speaking","1518.66440675871","1518.66440675871","1518.66440675871","0.00215199625517377","0.000723168610744894","1.40253892191819","15.2","0.0279144647861192","0.0279144647861192","8.84513103954504","4.85756562628803","0.0492079923683071","0.00658149889064953","Duguid","equal","1","1","1","1","11.682033898144","532.510578255105","0","0","121931","0.004","0.00632911392405063","736357.428050696","0","18.1331759275147","0","0.0271234155347679","11.6702916518016","0.767747433975946","0","6.61524838639904e-05","0","0.028062839186129","0.0018708025802584","0.0300505650869387","0.0300505650869387"
"Meeting_room_1",0.001,410,0.000285,130,130,"Y",2.75,3.7,110,112,3.2,3.6,"N",NA,NA,NA,"N",NA,NA,NA,NA,NA,2,2,2.75,1,"Peak",0,0,0,1,1,1,1,1,1,18000,4500,0.5,"Chen",0,8.671451,3.47,7.01,7,0.7,10,10,5.2,40,60,115,125,120,0.096,0.42,0.253,0.036,0.053,0.044,71.9,23.5,0.94,0.23,NA,370,720,479,74,720,96,0.54,8.58,0.001,0.1,1,1,1,1,1,1,1,1,1,1,1,1,1,0.05,1,"111.981638164259","6.38126912895032","11","0.0982303900918535","6.37804160544705","3.23264088705182","0.05","40","120.566514719964","0","0","0","0","57590.6634877274","130","resting-speaking","538.783673641231","538.783673641231","538.783673641231","0.00347399287179594","0.000715348434472774","1.71693317589655","15.2","0.288871879765456","0.288871879765456","10.1559470167684","6.70794906123737","0","0.0310484149134718","Duguid","equal","1","1","1","1","4.14448979724024","0.0453049570192126","0","0","120566","0.004","0.00632911392405063","63.3327128934074","0","6.49888674174655","0","0","4.31299904070744","0.277059535680431","0","0","0","0.0104643733174016","0.000675526694109085","0.0111469689750237","0.0111469689750237"
"Meeting_room_1",0.001,410,0.000285,130,130,"Y",2.75,3.7,110,112,3.2,3.6,"N",NA,NA,NA,"N",NA,NA,NA,NA,NA,2,2,2.75,1,"Peak",0,0,0,1,1,1,1,1,1,18000,4500,0.5,"Chen",0,8.671451,3.47,7.01,7,0.7,10,10,5.2,40,60,115,125,120,0.096,0.42,0.253,0.036,0.053,0.044,71.9,23.5,0.94,0.23,NA,370,720,479,74,720,96,0.54,8.58,0.001,0.1,1,1,1,1,1,1,1,1,1,1,1,1,1,0.05,1,"111.258199947421","6.36062318123055","11","0.0988691171095568","6.39874409163255","3.53645127583295","0.05","60","119.744616276551","0","0","0","0","1645.78961208635","130","resting-speaking","4649.02418238529","4649.02418238529","4649.02418238529","0.00296221364979153","0.000776392498183949","0.892850834950614","15.2","0.202669297878898","0.202669297878898","8.47648376713261","3.63393936356876","0.108564379796219","0.00696209653583355","Duguid","equal","1","1","1","1","35.7617244798869","0.00092340696768415","0","0","119744","0.004","0.00632911392405063","1.18935586039803","0","55.5168019674989","0","2.96302400445626e-05","23.5374516735462","3.35038835522375","0","7.22688755505629e-08","0","0.0557916417592139","0.00813838150733825","0.0643841457899514","0.0643841457899514"
"Meeting_room_1",0.001,410,0.000285,130,130,"Y",2.75,3.7,110,112,3.2,3.6,"N",NA,NA,NA,"N",NA,NA,NA,NA,NA,2,2,2.75,1,"Peak",0,0,0,1,1,1,1,1,1,18000,4500,0.5,"Chen",0,8.671451,3.47,7.01,7,0.7,10,10,5.2,40,60,115,125,120,0.096,0.42,0.253,0.036,0.053,0.044,71.9,23.5,0.94,0.23,NA,370,720,479,74,720,96,0.54,8.58,0.001,0.1,1,1,1,1,1,1,1,1,1,1,1,1,1,0.05,1,"111.190310176462","6.35868225846897","11","0.0989294838960581","6.4006972428592","3.322862330731","0.05","60","119.859487756497","0","0","0","0","249439.118281527","130","resting-speaking","546.962864911185","546.962864911185","546.962864911185","0.00450394224489389","0.00071115017999234","1.7204963396652","15.2","0.0149707655580342","0.0149707655580342","8.9979958581239","6.96311351332714","0","0.0370770584421698","Duguid","equal","1","1","1","1","4.20740665316296","0.22423957186573","0","0","119859","0.004","0.00632911392405063","315.319574085104","0","6.55032597843719","0","0","2.76248165164092","0.415082964605125","0","0","0","0.00671511231391797","0.00101188517322215","0.00773379240972709","0.00773379240972709"
"Meeting_room_1",0.001,410,0.000285,130,130,"Y",2.75,3.7,110,112,3.2,3.6,"N",NA,NA,NA,"N",NA,NA,NA,NA,NA,2,2,2.75,1,"Peak",0,0,0,1,1,1,1,1,1,18000,4500,0.5,"Chen",0,8.671451,3.47,7.01,7,0.7,10,10,5.2,40,60,115,125,120,0.096,0.42,0.253,0.036,0.053,0.044,71.9,23.5,0.94,0.23,NA,370,720,479,74,720,96,0.54,8.58,0.001,0.1,1,1,1,1,1,1,1,1,1,1,1,1,1,0.05,1,"111.371435192879","6.36385918342805","11","0.0987685934095182","6.39549035056994","3.29287126054987","0.05","60","118.966826487217","0","0","0","0","2925168.568341","130","resting-speaking","1059.54382279321","1059.54382279321","1059.54382279321","0.00482089405876572","0.000687054494283507","1.55963250033564","15.2","0.0876759433712903","0.0876759433712903","7.52220861801145","4.98100025903496","0","0.0571305156266317","Duguid","equal","1","1","1","1","8.15033709840934","2.21272004379981","0","0","118966","0.004","0.00632911392405063","3220.58885024446","0","12.701895832257","0","0","5.42803276377987","0.787341883738368","0","0","0","0.0131518528287559","0.00191850337312693","0.0150955880758976","0.0150955880758976"
"Meeting_room_1",0.001,410,0.000285,130,130,"Y",2.75,3.7,110,112,3.2,3.6,"N",NA,NA,NA,"N",NA,NA,NA,NA,NA,2,2,2.75,1,"Peak",0,0,0,1,1,1,1,1,1,18000,4500,0.5,"Chen",0,8.671451,3.47,7.01,7,0.7,10,10,5.2,40,60,115,125,120,0.096,0.42,0.253,0.036,0.053,0.044,71.9,23.5,0.94,0.23,NA,370,720,479,74,720,96,0.54,8.58,0.001,0.1,1,1,1,1,1,1,1,1,1,1,1,1,1,0.05,1,"111.033407482319","6.3541942478197","11","0.0990692823846885","6.4052180988904","3.41183257289231","0.05","40","120.235894696613","0","0","0","0","1785.11395388416","130","resting-speaking","1378.84423410565","1378.84423410565","1378.84423410565","0.00196841685985286","0.000810791422533222","1.16733729020759","15.2","0.0263220056136197","0.0263220056136197","8.47215439471085","1.41820222230841","0.09148682286397","0.0878585485408548","Duguid","equal","1","1","1","1","10.606494108505","0.00184845830574617","0","0","120235","0.004","0.00632911392405063","2.27981975928023","0","16.5292764121044","0","4.5689174007416e-06","10.7016744657063","0.704515169260934","0","1.11437009620019e-08","0","0.0257639416856538","0.00171685419792089","0.027525039691233","0.027525039691233"
"Meeting_room_1",0.001,410,0.000285,130,130,"Y",2.75,3.7,110,112,3.2,3.6,"N",NA,NA,NA,"N",NA,NA,NA,NA,NA,2,2,2.75,1,"Peak",0,0,0,1,1,1,1,1,1,18000,4500,0.5,"Chen",0,8.671451,3.47,7.01,7,0.7,10,10,5.2,40,60,115,125,120,0.096,0.42,0.253,0.036,0.053,0.044,71.9,23.5,0.94,0.23,NA,370,720,479,74,720,96,0.54,8.58,0.001,0.1,1,1,1,1,1,1,1,1,1,1,1,1,1,0.05,1,"111.856575603131","6.37770479099955","11","0.0983402177358635","6.3816061316349","3.2002080350183","0.05","60","122.538653944074","0","0","0","0","2896.80933044228","130","resting-speaking","701.872206970523","701.872206970523","701.872206970523","0.00374077610034346","0.000727286054149879","1.66413025580889","15.2","0.0873972996829234","0.0873972996829234","8.08292032229302","9.13567606073768","0","0.0854508195507806","Duguid","equal","1","1","1","1","5.39901697669633","0.00239743572645417","0","0","122538","0.004","0.00632911392405063","3.29641371888605","0","8.46540861841746","0","0","3.85292154584607","0.556448412239648","0","0","0","0.00935335233624046","0.00135627068183053","0.0107223086956215","0.0107223086956215"
"Meeting_room_1",0.001,410,0.000285,130,130,"Y",2.75,3.7,110,112,3.2,3.6,"N",NA,NA,NA,"N",NA,NA,NA,NA,NA,2,2,2.75,1,"Peak",0,0,0,1,1,1,1,1,1,18000,4500,0.5,"Chen",0,8.671451,3.47,7.01,7,0.7,10,10,5.2,40,60,115,125,120,0.096,0.42,0.253,0.036,0.053,0.044,71.9,23.5,0.94,0.23,NA,370,720,479,74,720,96,0.54,8.58,0.001,0.1,1,1,1,1,1,1,1,1,1,1,1,1,1,0.05,1,"110.118268914055","6.32795439915919","11","0.09989259828072","6.43177833351768","3.20775271896273","0.05","60","121.125414501393","0","0","0","0","16768668.8975911","130","resting-speaking","444.412741517024","444.412741517024","444.412741517024","0.00228701942399723","0.000661041631888705","1.31892595085175","15.2","0.0640906725867549","0.0640906725867549","9.26314703079243","3.19176226829209","0.0247677171000765","0.0393301785658114","Duguid","equal","1","1","1","1","3.41855955013096","14.8904422199726","0","0","121125","0.004","0.00632911392405063","22525.7253123803","0","5.33303542593219","0","0.00874545326582587","2.43917209633575","0.363152702853782","0","2.13301463283244e-05","0","0.00593153878443931","0.000885346149265054","0.00684335902104191","0.00684335902104191"
"Meeting_room_1",0.001,410,0.000285,130,130,"Y",2.75,3.7,110,112,3.2,3.6,"N",NA,NA,NA,"N",NA,NA,NA,NA,NA,2,2,2.75,1,"Peak",0,0,0,1,1,1,1,1,1,18000,4500,0.5,"Chen",0,8.671451,3.47,7.01,7,0.7,10,10,5.2,40,60,115,125,120,0.096,0.42,0.253,0.036,0.053,0.044,71.9,23.5,0.94,0.23,NA,370,720,479,74,720,96,0.54,8.58,0.001,0.1,1,1,1,1,1,1,1,1,1,1,1,1,1,0.05,1,"111.635360843968","6.37139519026513","11","0.098535087062375","6.3879258442775","3.55098106507212","0.05","40","120.788016787393","0","0","0","0","2550732450.45215","130","resting-speaking","891.039085052418","891.039085052418","891.039085052418","0.00352193694415983","0.000733782720576007","1.04314203135644","15.2","0.125652796010965","0.125652796010965","8.0631158131571","6.23168455590095","0.0413948347939253","0.0741969323698431","Duguid","equal","1","1","1","1","6.85414680809552","2946.65372346442","0","0","120788","0.004","0.00632911392405063","4015703.34219829","0","10.6434664827689","0","20.9603390466121","6.6648020066881","0.427649246229063","0","0.0498379957743902","0","0.0161242051575036","0.00104250315764109","0.0662707095773101","0.0662707095773101"
"Meeting_room_1",0.001,410,0.000285,130,130,"Y",2.75,3.7,110,112,3.2,3.6,"N",NA,NA,NA,"N",NA,NA,NA,NA,NA,2,2,2.75,1,"Peak",0,0,0,1,1,1,1,1,1,18000,4500,0.5,"Chen",0,8.671451,3.47,7.01,7,0.7,10,10,5.2,40,60,115,125,120,0.096,0.42,0.253,0.036,0.053,0.044,71.9,23.5,0.94,0.23,NA,370,720,479,74,720,96,0.54,8.58,0.001,0.1,1,1,1,1,1,1,1,1,1,1,1,1,1,0.05,1,"111.609281859361","6.3706509403203","11","0.0985581110884769","6.38867211235933","3.4034794957377","0.05","60","122.655593690774","0","0","0","0","615471.57984787","130","resting-speaking","1734.55921720856","1734.55921720856","1734.55921720856","0.00574240670877345","0.000658766247718683","0.283983730212425","15.2","0.0996405320578922","0.0996405320578922","10.0288467207638","11.053152239744","0.0081529098666392","0.0208519312269054","Duguid","equal","1","1","1","1","13.3427632092966","0.601125576878858","0","0","122655","0.004","0.00632911392405063","912.502088503417","0","20.7247872235598","0","0.000212274776065248","8.73182854302513","1.28849902418866","0","5.17743222183675e-07","0","0.021071960058386","0.00313774749531337","0.0242763345357315","0.0242763345357315"
"Meeting_room_1",0.001,410,0.000285,130,130,"Y",2.75,3.7,110,112,3.2,3.6,"N",NA,NA,NA,"N",NA,NA,NA,NA,NA,2,2,2.75,1,"Peak",0,0,0,1,1,1,1,1,1,18000,4500,0.5,"Chen",0,8.671451,3.47,7.01,7,0.7,10,10,5.2,40,60,115,125,120,0.096,0.42,0.253,0.036,0.053,0.044,71.9,23.5,0.94,0.23,NA,370,720,479,74,720,96,0.54,8.58,0.001,0.1,1,1,1,1,1,1,1,1,1,1,1,1,1,0.05,1,"110.690222727135","6.34436679918449","11","0.0993764374936382","6.41513980642349","3.25562828434631","0.05","60","121.093387218275","0","0","0","0","3290708.14817955","130","resting-speaking","773.46524936908","773.46524936908","773.46524936908","0.00375902148373469","0.000676539725323567","0.783059836521548","15.2","0.383863918278546","0.383863918278546","6.53549151916778","1.60130055153174","0","0.00216597857768647","Duguid","equal","1","1","1","1","5.94973268745446","2.93036073409331","0","0","121093","0.004","0.00632911392405063","4331.39492687117","0","9.27081530028983","0","0","4.13393258469395","0.606970951456336","0","0","0","0.0100321017622317","0.00147932167814691","0.0115262641459928","0.0115262641459928"
"Meeting_room_1",0.001,410,0.000285,130,130,"Y",2.75,3.7,110,112,3.2,3.6,"N",NA,NA,NA,"N",NA,NA,NA,NA,NA,2,2,2.75,1,"Peak",0,0,0,1,1,1,1,1,1,18000,4500,0.5,"Chen",0,8.671451,3.47,7.01,7,0.7,10,10,5.2,40,60,115,125,120,0.096,0.42,0.253,0.036,0.053,0.044,71.9,23.5,0.94,0.23,NA,370,720,479,74,720,96,0.54,8.58,0.001,0.1,1,1,1,1,1,1,1,1,1,1,1,1,1,0.05,1,"111.241958989296","6.36015891709108","11","0.0988835516736849","6.39921117232316","3.44176491368562","0.05","50","123.339784216546","0","0","0","0","16230959.0457034","130","resting-speaking","565.514223466125","565.514223466125","565.514223466125","0.00288261446362111","0.000783839758748124","1.09763609004669","15.2","0.479601314914468","0.479601314914468","9.88814349679756","6.52234246698105","0.0405384202004243","0.074880042550154","Duguid","equal","1","1","1","1","4.35010941127789","16.2080423115624","0","0","123339","0.004","0.00632911392405063","20677.7496684378","0","6.77012179903933","0","0.648928712277913","3.73243585155404","0.361391633542138","0","0.00158150106388044","0","0.0090621906565056","0.000881054651863833","0.0115198048093444","0.0115198048093444"
"Meeting_room_1",0.001,410,0.000285,130,130,"Y",2.75,3.7,110,112,3.2,3.6,"N",NA,NA,NA,"N",NA,NA,NA,NA,NA,2,2,2.75,1,"Peak",0,0,0,1,1,1,1,1,1,18000,4500,0.5,"Chen",0,8.671451,3.47,7.01,7,0.7,10,10,5.2,40,60,115,125,120,0.096,0.42,0.253,0.036,0.053,0.044,71.9,23.5,0.94,0.23,NA,370,720,479,74,720,96,0.54,8.58,0.001,0.1,1,1,1,1,1,1,1,1,1,1,1,1,1,0.05,1,"111.184949680232","6.35852898026041","11","0.0989342535265434","6.40085153757264","3.49916254961863","0.05","50","119.466963609927","0","0","0","0","416292591.172192","130","resting-speaking","1102.82157802476","1102.82157802476","1102.82157802476","0.0040350857317198","0.000777509793652294","1.42367695634756","15.2","0.0066414232444405","0.0066414232444405","8.01909358293825","4.45136967975646","0.351561626167506","0.0594001203093212","Duguid","equal","1","1","1","1","8.4832429078828","340.28406312638","0","0","119466","0.004","0.00632911392405063","437658.876974297","0","13.1563180240202","0","0.048025743481463","6.87588093656468","0.651699275607559","0","0.000117129099562185","0","0.0166306002810417","0.00158824782567224","0.0183606319176049","0.0183606319176049"
"Meeting_room_1",0.001,410,0.000285,130,130,"Y",2.75,3.7,110,112,3.2,3.6,"N",NA,NA,NA,"N",NA,NA,NA,NA,NA,2,2,2.75,1,"Peak",0,0,0,1,1,1,1,1,1,18000,4500,0.5,"Chen",0,8.671451,3.47,7.01,7,0.7,10,10,5.2,40,60,115,125,120,0.096,0.42,0.253,0.036,0.053,0.044,71.9,23.5,0.94,0.23,NA,370,720,479,74,720,96,0.54,8.58,0.001,0.1,1,1,1,1,1,1,1,1,1,1,1,1,1,0.05,1,"110.111927518155","6.32777219214574","11","0.099898351140809","6.43196353536847","3.39728465573862","0.05","60","121.454533851584","0","0","0","0","12254986.8167228","130","resting-speaking","528.330071885228","528.330071885228","528.330071885228","0.00303887018609627","0.000788708765563932","0.877394929017657","15.2","0.010225098361052","0.010225098361052","10.8663101224","1.42161226421059","0","0.0411680242496077","Duguid","equal","1","1","1","1","4.06407747604022","10.7606823479604","0","0","121454","0.004","0.00632911392405063","13643.4167056155","0","6.30144919075107","0","0","2.78560258277531","0.406200125140642","0","0","0","0.00677112456745743","0.000990241399613123","0.00776807101493919","0.00776807101493919"
"Meeting_room_1",0.001,410,0.000285,130,130,"Y",2.75,3.7,110,112,3.2,3.6,"N",NA,NA,NA,"N",NA,NA,NA,NA,NA,2,2,2.75,1,"Peak",0,0,0,1,1,1,1,1,1,18000,4500,0.5,"Chen",0,8.671451,3.47,7.01,7,0.7,10,10,5.2,40,60,115,125,120,0.096,0.42,0.253,0.036,0.053,0.044,71.9,23.5,0.94,0.23,NA,370,720,479,74,720,96,0.54,8.58,0.001,0.1,1,1,1,1,1,1,1,1,1,1,1,1,1,0.05,1,"110.285088825505","6.33274574444767","11","0.0997414983035863","6.42691206033091","3.42966457586735","0.05","50","120.05645141682","0","0","0","0","568469.58511651","130","resting-speaking","743.1409007199","743.1409007199","743.1409007199","0.00260712821193351","0.000841924121645605","1.43266783134496","15.2","0.12427678337635","0.12427678337635","8.44539422958035","1.95802969352206","0","0.00667689225985669","Duguid","equal","1","1","1","1","5.71646846707615","0.369739354945387","0","0","120056","0.004","0.00632911392405063","439.159949738349","0","8.86836356919891","0","0","4.80695218426832","0.467318648742958","0","0","0","0.01165581213912","0.00113915225520123","0.0128082421390057","0.0128082421390057"
"Meeting_room_1",0.001,410,0.000285,130,130,"Y",2.75,3.7,110,112,3.2,3.6,"N",NA,NA,NA,"N",NA,NA,NA,NA,NA,2,2,2.75,1,"Peak",0,0,0,1,1,1,1,1,1,18000,4500,0.5,"Chen",0,8.671451,3.47,7.01,7,0.7,10,10,5.2,40,60,115,125,120,0.096,0.42,0.253,0.036,0.053,0.044,71.9,23.5,0.94,0.23,NA,370,720,479,74,720,96,0.54,8.58,0.001,0.1,1,1,1,1,1,1,1,1,1,1,1,1,1,0.05,1,"111.063273804262","6.35504878185303","11","0.0990426413990495","6.40435681882091","3.34112789472565","0.05","50","122.372855291829","0","0","0","0","666585.443357921","130","resting-speaking","1108.1910998103","1108.1910998103","1108.1910998103","0.00336830524166816","0.000756955332797916","1.93456915828866","15.2","0.15550833179139","0.15550833179139","8.56940386343062","2.41875980162725","0.0408587344642423","0.0754014584757388","Duguid","equal","1","1","1","1","8.52454692161765","0.717650445800586","0","0","122372","0.004","0.00632911392405063","948.075024649013","0","13.2817866480873","0","0.00477893634404136","7.29024511972151","0.721539357508503","0","1.16558743723516e-05","0","0.0176239349694132","0.00175830445979297","0.0194246989804333","0.0194246989804333"
"Meeting_room_1",0.001,410,0.000285,130,130,"Y",2.75,3.7,110,112,3.2,3.6,"N",NA,NA,NA,"N",NA,NA,NA,NA,NA,2,2,2.75,1,"Peak",0,0,0,1,1,1,1,1,1,18000,4500,0.5,"Chen",0,8.671451,3.47,7.01,7,0.7,10,10,5.2,40,60,115,125,120,0.096,0.42,0.253,0.036,0.053,0.044,71.9,23.5,0.94,0.23,NA,370,720,479,74,720,96,0.54,8.58,0.001,0.1,1,1,1,1,1,1,1,1,1,1,1,1,1,0.05,1,"110.861497809179","6.34927333878536","11","0.099222906215229","6.41018236707164","3.48510511228815","0.05","50","121.819360343253","0","0","0","0","76815.1376270113","130","resting-speaking","524.060091011043","524.060091011043","524.060091011043","0.00411555665193079","0.000674285229633516","1.52176270492782","15.2","0.0298554447155309","0.0298554447155309","11.1080205123468","3.59800132413864","0.106715385496769","0.0268672004567925","Duguid","equal","1","1","1","1","4.03123146931571","0.0399333266477791","0","0","121819","0.004","0.00632911392405063","59.2231964942839","0","6.24513220417225","0","2.17533335015255e-05","3.33374720423584","0.321354975296956","0","5.30569095325006e-08","0","0.0080981228392274","0.000783485537473427","0.00888800580798016","0.00888800580798016"
"Meeting_room_1",0.001,410,0.000285,130,130,"Y",2.75,3.7,110,112,3.2,3.6,"N",NA,NA,NA,"N",NA,NA,NA,NA,NA,2,2,2.75,1,"Peak",0,0,0,1,1,1,1,1,1,18000,4500,0.5,"Chen",0,8.671451,3.47,7.01,7,0.7,10,10,5.2,40,60,115,125,120,0.096,0.42,0.253,0.036,0.053,0.044,71.9,23.5,0.94,0.23,NA,370,720,479,74,720,96,0.54,8.58,0.001,0.1,1,1,1,1,1,1,1,1,1,1,1,1,1,0.05,1,"111.162004429381","6.35787284122839","11","0.0989546748141632","6.40151211205043","3.34456660784781","0.05","50","123.229795810861","0","0","0","0","7710.40424630467","130","resting-speaking","1018.78427230132","1018.78427230132","1018.78427230132","0.00314877065820673","0.000687499484865888","1.15512562926113","15.2","0.227795242367887","0.227795242367887","9.8596892405541","3.06622781391624","0","0.071463047367055","Duguid","equal","1","1","1","1","7.83680209462555","0.0065455044033264","0","0","123229","0.004","0.00632911392405063","9.52074081132329","0","12.2182571195252","0","0","6.82826213007308","0.667591984787971","0","0","0","0.0165163817528043","0.00162694821613707","0.0181702012667712","0.0181702012667712"
"Meeting_room_1",0.001,410,0.000285,130,130,"Y",2.75,3.7,110,112,3.2,3.6,"N",NA,NA,NA,"N",NA,NA,NA,NA,NA,2,2,2.75,1,"Peak",0,0,0,1,1,1,1,1,1,18000,4500,0.5,"Chen",0,8.671451,3.47,7.01,7,0.7,10,10,5.2,40,60,115,125,120,0.096,0.42,0.253,0.036,0.053,0.044,71.9,23.5,0.94,0.23,NA,370,720,479,74,720,96,0.54,8.58,0.001,0.1,1,1,1,1,1,1,1,1,1,1,1,1,1,0.05,1,"110.657509046607","6.34342921445223","11","0.099405816150868","6.41608799027397","3.39671854516491","0.05","50","117.620472918706","0","0","0","0","2386268.33112814","130","resting-speaking","1254.64348244922","1254.64348244922","1254.64348244922","0.00515427443247187","0.000619033543599974","1.38196853541683","15.2","0.428956843948552","0.428956843948552","10.2917549065435","6.83291839892546","0.11052497645529","0.08898854948394","Duguid","equal","1","1","1","1","9.65110371114785","1.64846418765915","0","0","117620","0.004","0.00632911392405063","2662.96423627151","0","14.9489692749261","0","0.212329422542872","7.7208401622273","0.744689415209636","0","0.000517742565386947","0","0.0186551159789321","0.00181466714380663","0.0210126770240234","0.0210126770240234"
"Meeting_room_1",0.001,410,0.000285,130,130,"Y",2.75,3.7,110,112,3.2,3.6,"N",NA,NA,NA,"N",NA,NA,NA,NA,NA,2,2,2.75,1,"Peak",0,0,0,1,1,1,1,1,1,18000,4500,0.5,"Chen",0,8.671451,3.47,7.01,7,0.7,10,10,5.2,40,60,115,125,120,0.096,0.42,0.253,0.036,0.053,0.044,71.9,23.5,0.94,0.23,NA,370,720,479,74,720,96,0.54,8.58,0.001,0.1,1,1,1,1,1,1,1,1,1,1,1,1,1,0.05,1,"110.611846524756","6.34212027995102","11","0.0994468526256639","6.41741219078777","3.42078737197444","0.05","40","119.937569368756","0","0","0","0","698543206.025957","130","resting-speaking","1373.41090279364","1373.41090279364","1373.41090279364","0.00372593722226249","0.000668742632479302","2.13945267878004","15.2","0.33592411519285","0.33592411519285","9.44728904211627","7.60772204287284","0.00833767105055657","0.0905352997591253","Duguid","equal","1","1","1","1","10.5646992522587","597.922467350155","0","0","119937","0.004","0.00632911392405063","894099.5209673","0","16.3870841952067","0","3.68213063689579","10.4617951647409","0.677399402143489","0","0.00894059944312631","0","0.025193777189786","0.00165082954318052","0.0356166805883417","0.0356166805883417"
"Meeting_room_1",0.001,410,0.000285,130,130,"Y",2.75,3.7,110,112,3.2,3.6,"N",NA,NA,NA,"N",NA,NA,NA,NA,NA,2,2,2.75,1,"Peak",0,0,0,1,1,1,1,1,1,18000,4500,0.5,"Chen",0,8.671451,3.47,7.01,7,0.7,10,10,5.2,40,60,115,125,120,0.096,0.42,0.253,0.036,0.053,0.044,71.9,23.5,0.94,0.23,NA,370,720,479,74,720,96,0.54,8.58,0.001,0.1,1,1,1,1,1,1,1,1,1,1,1,1,1,0.05,1,"110.705933156889","6.34481701596992","11","0.0993623348480442","6.41468459965953","3.49486644836143","0.05","40","117.178991803626","0","0","0","0","12448479.2820913","130","resting-speaking","4208.08226884074","4208.08226884074","4208.08226884074","0.00201824203286835","0.000708145190703658","1.46936282948125","15.2","0.208813686908229","0.208813686908229","7.90843031017885","3.19654459354645","0.0170679058525413","0.00482998101133853","Duguid","equal","1","1","1","1","32.3698636064672","8.24400453028449","0","0","117178","0.004","0.00632911392405063","11641.6868157965","0","50.265696770619","0","0.00305490273739004","31.2928935767049","2.04318135515502","0","7.45095452781008e-06","0","0.0734841543224315","0.0049709727752949","0.0788273580159486","0.0788273580159486"
"Meeting_room_1",0.001,410,0.000285,130,130,"Y",2.75,3.7,110,112,3.2,3.6,"N",NA,NA,NA,"N",NA,NA,NA,NA,NA,2,2,2.75,1,"Peak",0,0,0,1,1,1,1,1,1,18000,4500,0.5,"Chen",0,8.671451,3.47,7.01,7,0.7,10,10,5.2,40,60,115,125,120,0.096,0.42,0.253,0.036,0.053,0.044,71.9,23.5,0.94,0.23,NA,370,720,479,74,720,96,0.54,8.58,0.001,0.1,1,1,1,1,1,1,1,1,1,1,1,1,1,0.05,1,"110.503522587474","6.33901404973344","11","0.0995443379761257","6.42055683749612","3.5205253591761","0.05","60","120.72376815723","0","0","0","0","154883124.716614","130","resting-speaking","1194.89885052446","1194.89885052446","1194.89885052446","0.00307619549950281","0.000739648271135192","0.352719057626757","15.2","0.260744763564372","0.260744763564372","8.94821496461136","6.79259643877385","0","0.0596519567442592","Duguid","equal","1","1","1","1","9.19152961941891","120.412239719917","0","0","120723","0.004","0.00632911392405063","162796.621609231","0","14.2284689605167","0","0","5.96277868038446","0.890608935270113","0","0","0","0.0144381187544251","0.00216985935947922","0.0166393068010169","0.0166393068010169"
"Meeting_room_1",0.001,410,0.000285,130,130,"Y",2.75,3.7,110,112,3.2,3.6,"N",NA,NA,NA,"N",NA,NA,NA,NA,NA,2,2,2.75,1,"Peak",0,0,0,1,1,1,1,1,1,18000,4500,0.5,"Chen",0,8.671451,3.47,7.01,7,0.7,10,10,5.2,40,60,115,125,120,0.096,0.42,0.253,0.036,0.053,0.044,71.9,23.5,0.94,0.23,NA,370,720,479,74,720,96,0.54,8.58,0.001,0.1,1,1,1,1,1,1,1,1,1,1,1,1,1,0.05,1,"110.077697183937","6.32678856304141","11","0.0999294160525479","6.43296351608038","3.3865158226341","0.05","40","121.743808237053","0","0","0","0","864069.320003068","130","resting-speaking","822.810767150271","822.810767150271","822.810767150271","0.0040523470203364","0.000749481213848725","1.43190225754666","15.2","0.172016878337443","0.172016878337443","9.91076384788119","2.92941085461685","0.00821397009409179","0.031594756647246","Duguid","equal","1","1","1","1","6.32931359346363","0.726535949441903","0","0","121743","0.004","0.00632911392405063","969.385137368563","0","9.79969565281106","0","0.000724944714665547","6.33405582030595","0.420644966466635","0","1.76815627750404e-06","0","0.0153301942858025","0.00102543721240744","0.0163730945409312","0.0163730945409312"
"Meeting_room_1",0.001,410,0.000285,130,130,"Y",2.75,3.7,110,112,3.2,3.6,"N",NA,NA,NA,"N",NA,NA,NA,NA,NA,2,2,2.75,1,"Peak",0,0,0,1,1,1,1,1,1,18000,4500,0.5,"Chen",0,8.671451,3.47,7.01,7,0.7,10,10,5.2,40,60,115,125,120,0.096,0.42,0.253,0.036,0.053,0.044,71.9,23.5,0.94,0.23,NA,370,720,479,74,720,96,0.54,8.58,0.001,0.1,1,1,1,1,1,1,1,1,1,1,1,1,1,0.05,1,"111.376312793233","6.36399853703293","11","0.0987642679500554","6.39535030738323","3.22101683383808","0.05","60","121.285582080525","0","0","0","0","3037925.62991424","130","resting-speaking","1566.24926315569","1566.24926315569","1566.24926315569","0.005126308972955","0.000654448025542126","0.895902026493891","15.2","0.100630084840882","0.100630084840882","9.48943940838481","5.17442987922519","0.0329800123921102","0.0702414830815978","Duguid","equal","1","1","1","1","12.0480712550438","3.10176792669265","0","0","121285","0.004","0.00632911392405063","4739.51758678351","0","18.8028380194697","0","0.0116638527783377","8.17237694808356","1.21356522386739","0","2.84480167580536e-05","0","0.0197352852518691","0.00295553895004896","0.0227771249317517","0.0227771249317517"
"Meeting_room_1",0.001,410,0.000285,130,130,"Y",2.75,3.7,110,112,3.2,3.6,"N",NA,NA,NA,"N",NA,NA,NA,NA,NA,2,2,2.75,1,"Peak",0,0,0,1,1,1,1,1,1,18000,4500,0.5,"Chen",0,8.671451,3.47,7.01,7,0.7,10,10,5.2,40,60,115,125,120,0.096,0.42,0.253,0.036,0.053,0.044,71.9,23.5,0.94,0.23,NA,370,720,479,74,720,96,0.54,8.58,0.001,0.1,1,1,1,1,1,1,1,1,1,1,1,1,1,0.05,1,"111.623159720562","6.37104700174048","11","0.0985458575759495","6.38827495525953","3.44021804444492","0.05","60","123.089732372766","0","0","0","0","11791952.1845741","130","resting-speaking","977.869891961504","977.869891961504","977.869891961504","0.00479523766549138","0.000718390352003147","1.30429351899819","15.2","0.111143201495496","0.111143201495496","8.18729769433219","7.44609718254509","0.113738162640588","0.0712299552669283","Duguid","equal","1","1","1","1","7.52207609201157","7.61600455711123","0","0","123089","0.004","0.00632911392405063","10601.4850225576","0","11.6904811312426","0","0.0719737476154167","5.01032863253997","0.729270096015269","0","0.000175530318641925","0","0.0121459489326234","0.00177712658847606","0.0141183744746443","0.0141183744746443"
"Meeting_room_1",0.001,410,0.000285,130,130,"Y",2.75,3.7,110,112,3.2,3.6,"N",NA,NA,NA,"N",NA,NA,NA,NA,NA,2,2,2.75,1,"Peak",0,0,0,1,1,1,1,1,1,18000,4500,0.5,"Chen",0,8.671451,3.47,7.01,7,0.7,10,10,5.2,40,60,115,125,120,0.096,0.42,0.253,0.036,0.053,0.044,71.9,23.5,0.94,0.23,NA,370,720,479,74,720,96,0.54,8.58,0.001,0.1,1,1,1,1,1,1,1,1,1,1,1,1,1,0.05,1,"110.993995181285","6.35306640868758","11","0.0991044603992663","6.40635519634177","3.29325675433502","0.05","60","119.822773416464","0","0","0","0","1627418.90814871","130","resting-speaking","1097.27186542544","1097.27186542544","1097.27186542544","0.00356380250400512","0.000769052674989694","1.19809224858112","15.2","0.00250312135250483","0.00250312135250483","7.81666532881799","2.13611475893278","0.425628605863938","0.040162061132025","Duguid","equal","1","1","1","1","8.44055281096493","1.1659432982585","0","0","119822","0.004","0.00632911392405063","1516.0772937616","0","13.1595368431947","0","1.82679239642442e-05","5.75795398213926","0.83760870702897","0","4.45559110717753e-08","0","0.0139456362007083","0.00204086266788595","0.0160150040236474","0.0160150040236474"
"Meeting_room_1",0.001,410,0.000285,130,130,"Y",2.75,3.7,110,112,3.2,3.6,"N",NA,NA,NA,"N",NA,NA,NA,NA,NA,2,2,2.75,1,"Peak",0,0,0,1,1,1,1,1,1,18000,4500,0.5,"Chen",0,8.671451,3.47,7.01,7,0.7,10,10,5.2,40,60,115,125,120,0.096,0.42,0.253,0.036,0.053,0.044,71.9,23.5,0.94,0.23,NA,370,720,479,74,720,96,0.54,8.58,0.001,0.1,1,1,1,1,1,1,1,1,1,1,1,1,1,0.05,1,"111.71157670673","6.37356976346223","11","0.0984678609351087","6.38574637298566","3.23760754326358","0.05","50","122.725898300392","0","0","0","0","4776.01410757246","130","resting-speaking","2850.34166452789","2850.34166452789","2850.34166452789","0.00394817616923364","0.000719466434474167","1.08350914785784","15.2","0.0249558709900869","0.0249558709900869","8.05414751045398","1.45943604421524","0.146668309210026","0.0740554226976819","Duguid","equal","1","1","1","1","21.925705111753","0.00432701444042554","0","0","122725","0.004","0.00632911392405063","6.01419918024113","0","34.3135069521109","0","1.19545117997555e-05","19.2219559467552","1.88241678870306","0","2.91573454269667e-08","0","0.0458007953083831","0.0045807367358246","0.050591361391402","0.050591361391402"
"Meeting_room_1",0.001,410,0.000285,130,130,"Y",2.75,3.7,110,112,3.2,3.6,"N",NA,NA,NA,"N",NA,NA,NA,NA,NA,2,2,2.75,1,"Peak",0,0,0,1,1,1,1,1,1,18000,4500,0.5,"Chen",0,8.671451,3.47,7.01,7,0.7,10,10,5.2,40,60,115,125,120,0.096,0.42,0.253,0.036,0.053,0.044,71.9,23.5,0.94,0.23,NA,370,720,479,74,720,96,0.54,8.58,0.001,0.1,1,1,1,1,1,1,1,1,1,1,1,1,1,0.05,1,"111.331556934863","6.3627197425133","11","0.0988039716936301","6.39663566007126","3.25750142056495","0.05","50","116.893139864682","0","0","0","0","1077913445.8232","130","resting-speaking","1403.70592968715","1403.70592968715","1403.70592968715","0.00184308023357986","0.00063456414569615","1.8240503191409","15.2","0.192171642199245","0.192171642199245","7.22186341312962","4.50754370208994","0.265199480789773","0.0862083560083993","Duguid","equal","1","1","1","1","10.7977379206704","1011.1782200579","0","0","116893","0.004","0.00632911392405063","1593500.4001031","0","16.9190491036052","0","68.6144297072483","9.12129937779378","0.907450514281507","0","0.15409842485363","0","0.0220014305252613","0.00221084640827895","0.175317141353707","0.175317141353707"
"Meeting_room_1",0.001,410,0.000285,130,130,"Y",2.75,3.7,110,112,3.2,3.6,"N",NA,NA,NA,"N",NA,NA,NA,NA,NA,2,2,2.75,1,"Peak",0,0,0,1,1,1,1,1,1,18000,4500,0.5,"Chen",0,8.671451,3.47,7.01,7,0.7,10,10,5.2,40,60,115,125,120,0.096,0.42,0.253,0.036,0.053,0.044,71.9,23.5,0.94,0.23,NA,370,720,479,74,720,96,0.54,8.58,0.001,0.1,1,1,1,1,1,1,1,1,1,1,1,1,1,0.05,1,"111.545346849598","6.3688259757152","11","0.0986146021387323","6.39050276380483","3.45951448185369","0.05","50","118.084633608709","0","0","0","0","35828.3910708737","130","resting-speaking","2228.82683946378","2228.82683946378","2228.82683946378","0.00531136687000573","0.000831182899203756","0.530271003034518","15.2","0.0512952578355458","0.0512952578355458","7.15154499574669","4.819056697479","0","0.0184678386840969","Duguid","equal","1","1","1","1","17.1448218420291","0.0300950579289635","0","0","118084","0.004","0.00632911392405063","36.2075037368954","0","26.6027056240478","0","0","13.596562450843","1.30062236109968","0","0","0","0.0326185050703962","0.00316722339352549","0.0358890385562425","0.0358890385562425"
"Meeting_room_1",0.001,410,0.000285,130,130,"Y",2.75,3.7,110,112,3.2,3.6,"N",NA,NA,NA,"N",NA,NA,NA,NA,NA,2,2,2.75,1,"Peak",0,0,0,1,1,1,1,1,1,18000,4500,0.5,"Chen",0,8.671451,3.47,7.01,7,0.7,10,10,5.2,40,60,115,125,120,0.096,0.42,0.253,0.036,0.053,0.044,71.9,23.5,0.94,0.23,NA,370,720,479,74,720,96,0.54,8.58,0.001,0.1,1,1,1,1,1,1,1,1,1,1,1,1,1,0.05,1,"110.409088579938","6.33630487615722","11","0.099629479252841","6.4233020341476","3.55473085660487","0.05","60","117.629039513751","0","0","0","0","225139039.087637","130","resting-speaking","612.3685686711","612.3685686711","612.3685686711","0.00614119657676889","0.00074151604507658","1.73742533116426","15.2","0.316534865825932","0.316534865825932","11.2773395838442","3.07591221819128","0","0.0926426228440832","Duguid","equal","1","1","1","1","4.71052745131615","256.702764202975","0","0","117629","0.004","0.00632911392405063","346186.39192961","0","7.24829428774001","0","0","2.89646838756494","0.416493724275577","0","0","0","0.00703966171904413","0.00101532256278059","0.0080621318092024","0.0080621318092024"
"Meeting_room_1",0.001,410,0.000285,130,130,"Y",2.75,3.7,110,112,3.2,3.6,"N",NA,NA,NA,"N",NA,NA,NA,NA,NA,2,2,2.75,1,"Peak",0,0,0,1,1,1,1,1,1,18000,4500,0.5,"Chen",0,8.671451,3.47,7.01,7,0.7,10,10,5.2,40,60,115,125,120,0.096,0.42,0.253,0.036,0.053,0.044,71.9,23.5,0.94,0.23,NA,370,720,479,74,720,96,0.54,8.58,0.001,0.1,1,1,1,1,1,1,1,1,1,1,1,1,1,0.05,1,"111.932451996952","6.37986753914794","11","0.098273555200055","6.379442794111","3.2398277762346","0.05","60","121.298124195033","0","0","0","0","95539.4078915565","130","resting-speaking","2082.35536844959","2082.35536844959","2082.35536844959","0.00245534670743458","0.000770282413873693","1.52271729669868","15.2","0.244410238859207","0.244410238859207","7.07754391745224","2.27119425703873","0.148394710301192","0.0160708136463072","Duguid","equal","1","1","1","1","16.018118218843","0.0674419915789041","0","0","121298","0.004","0.00632911392405063","87.5548894330111","0","25.1480854986768","0","0.000635430417072778","11.2071393846323","1.66831340300733","0","1.54982908451284e-06","0","0.0269642800354926","0.0040607896850462","0.0311360804930611","0.0311360804930611"
"Meeting_room_1",0.001,410,0.000285,130,130,"Y",2.75,3.7,110,112,3.2,3.6,"N",NA,NA,NA,"N",NA,NA,NA,NA,NA,2,2,2.75,1,"Peak",0,0,0,1,1,1,1,1,1,18000,4500,0.5,"Chen",0,8.671451,3.47,7.01,7,0.7,10,10,5.2,40,60,115,125,120,0.096,0.42,0.253,0.036,0.053,0.044,71.9,23.5,0.94,0.23,NA,370,720,479,74,720,96,0.54,8.58,0.001,0.1,1,1,1,1,1,1,1,1,1,1,1,1,1,0.05,1,"110.586853051558","6.34140371760524","11","0.0994693283737041","6.41813734189595","3.43991201026365","0.05","40","120.440954623003","0","0","0","0","1132381.38399936","130","resting-speaking","6837.17839211739","6837.17839211739","6837.17839211739","0.00177481820759584","0.000644100682662147","1.25994679214679","15.2","0.091850120980499","0.091850120980499","6.90361312928679","3.49051929066516","0.0249084707887814","0.0662071623015218","Duguid","equal","1","1","1","1","52.5936799393645","1.00593810023442","0","0","120440","0.004","0.00632911392405063","1561.77151695718","0","81.7776322771696","0","0.00223129356351084","53.1044743732097","3.48592138838568","0","5.44216461451086e-06","0","0.121485712726187","0.0084662054022745","0.130985273817085","0.130985273817085"
"Meeting_room_1",0.001,410,0.000285,130,130,"Y",2.75,3.7,110,112,3.2,3.6,"N",NA,NA,NA,"N",NA,NA,NA,NA,NA,2,2,2.75,1,"Peak",0,0,0,1,1,1,1,1,1,18000,4500,0.5,"Chen",0,8.671451,3.47,7.01,7,0.7,10,10,5.2,40,60,115,125,120,0.096,0.42,0.253,0.036,0.053,0.044,71.9,23.5,0.94,0.23,NA,370,720,479,74,720,96,0.54,8.58,0.001,0.1,1,1,1,1,1,1,1,1,1,1,1,1,1,0.05,1,"110.268736063968","6.33227622621435","11","0.0997562898845485","6.42738859551171","3.45690111042932","0.05","50","120.01593264691","0","0","0","0","5457.47185953969","130","resting-speaking","587.502496934649","587.502496934649","587.502496934649","0.00293715201014153","0.00066803970791842","0.789815934868504","15.2","0.320538575551615","0.320538575551615","7.46546455566483","8.52828596452052","0.399946898227398","0.0039226495672483","Duguid","equal","1","1","1","1","4.51924997642038","0.00387634927805717","0","0","120015","0.004","0.00632911392405063","5.8025731586161","0","7.00204595395193","0","6.14682282427158e-05","3.74019648004713","0.367133338444132","0","1.49922496639476e-07","0","0.00908094730874009","0.000895046373761144","0.00998427024792473","0.00998427024792473"
"Meeting_room_1",0.001,410,0.000285,130,130,"Y",2.75,3.7,110,112,3.2,3.6,"N",NA,NA,NA,"N",NA,NA,NA,NA,NA,2,2,2.75,1,"Peak",0,0,0,1,1,1,1,1,1,18000,4500,0.5,"Chen",0,8.671451,3.47,7.01,7,0.7,10,10,5.2,40,60,115,125,120,0.096,0.42,0.253,0.036,0.053,0.044,71.9,23.5,0.94,0.23,NA,370,720,479,74,720,96,0.54,8.58,0.001,0.1,1,1,1,1,1,1,1,1,1,1,1,1,1,0.05,1,"111.997163115535","6.38171145798067","11","0.0982167734789187","6.37759953078143","3.34417368620634","0.05","40","119.492382593428","0","0","0","0","4373085.94117435","130","resting-speaking","1569.71151011842","1569.71151011842","1569.71151011842","0.00371447197559671","0.000719842775695784","0.918368057853152","15.2","0.121299905886842","0.121299905886842","7.00436190642679","6.32561295422579","0.100424811519827","0.00697446038154885","Duguid","equal","1","1","1","1","12.0747039239878","4.44916535065791","0","0","119492","0.004","0.00632911392405063","6180.74599186947","0","18.8731496439116","0","0.00662771331129144","11.983457565855","0.79019809463072","0","1.61650237623379e-05","0","0.0288049400988625","0.00192545635193797","0.030801590518505","0.030801590518505"
"Meeting_room_1",0.001,410,0.000285,130,130,"Y",2.75,3.7,110,112,3.2,3.6,"N",NA,NA,NA,"N",NA,NA,NA,NA,NA,2,2,2.75,1,"Peak",0,0,0,1,1,1,1,1,1,18000,4500,0.5,"Chen",0,8.671451,3.47,7.01,7,0.7,10,10,5.2,40,60,115,125,120,0.096,0.42,0.253,0.036,0.053,0.044,71.9,23.5,0.94,0.23,NA,370,720,479,74,720,96,0.54,8.58,0.001,0.1,1,1,1,1,1,1,1,1,1,1,1,1,1,0.05,1,"111.677017753478","6.37258382743047","11","0.0984983322556302","6.38673434546422","3.30237150499597","0.05","50","117.418836884288","0","0","0","0","14504237.0559327","130","resting-speaking","911.980608090548","911.980608090548","911.980608090548","0.00355211251057434","0.000764050619658807","0.700429795576192","15.2","0.308973208298447","0.308973208298447","8.38832732622993","4.32873236093018","0","0.00773840757017024","Duguid","equal","1","1","1","1","7.01523544685037","10.9294516540553","0","0","117418","0.004","0.00632911392405063","14304.6172240995","0","10.9655016895437","0","0","5.81058925592618","0.562786072207289","0","0","0","0.0140722164691048","0.00137170730492575","0.0154632267361578","0.0154632267361578"
"Meeting_room_1",0.001,410,0.000285,130,130,"Y",2.75,3.7,110,112,3.2,3.6,"N",NA,NA,NA,"N",NA,NA,NA,NA,NA,2,2,2.75,1,"Peak",0,0,0,1,1,1,1,1,1,18000,4500,0.5,"Chen",0,8.671451,3.47,7.01,7,0.7,10,10,5.2,40,60,115,125,120,0.096,0.42,0.253,0.036,0.053,0.044,71.9,23.5,0.94,0.23,NA,370,720,479,74,720,96,0.54,8.58,0.001,0.1,1,1,1,1,1,1,1,1,1,1,1,1,1,0.05,1,"111.097906487063","6.35603954696383","11","0.0990117667184031","6.40335852212274","3.53358891205862","0.05","50","120.03916871943","0","0","0","0","7051990.24799837","130","resting-speaking","2301.80032204124","2301.80032204124","2301.80032204124","0.00320535285529839","0.000814312718704104","1.62844129337426","15.2","0.58018069885552","0.58018069885552","6.87835779433603","10.2874405583092","0.133289826734781","0.0258622958520427","Duguid","equal","1","1","1","1","17.7061563233942","7.08448812754321","0","0","120039","0.004","0.00632911392405063","8699.96005811804","0","27.4609373227955","0","0.252235449880492","14.3208760594198","1.40177049816409","0","0.000615019212447665","0","0.0343259904897308","0.00341311447180581","0.0384523427509707","0.0384523427509707"
"Meeting_room_1",0.001,410,0.000285,130,130,"Y",2.75,3.7,110,112,3.2,3.6,"N",NA,NA,NA,"N",NA,NA,NA,NA,NA,2,2,2.75,1,"Peak",0,0,0,1,1,1,1,1,1,18000,4500,0.5,"Chen",0,8.671451,3.47,7.01,7,0.7,10,10,5.2,40,60,115,125,120,0.096,0.42,0.253,0.036,0.053,0.044,71.9,23.5,0.94,0.23,NA,370,720,479,74,720,96,0.54,8.58,0.001,0.1,1,1,1,1,1,1,1,1,1,1,1,1,1,0.05,1,"110.909532275051","6.35064870773919","11","0.0991799331794175","6.40879410482919","3.21835924200714","0.05","60","120.725904925736","0","0","0","0","259584.687436934","130","resting-speaking","1757.88461937786","1757.88461937786","1757.88461937786","0.00553013915929293","0.000732049108644076","0.733330620009405","15.2","0.11997466829559","0.11997466829559","10.4846217911183","3.31382920287349","0.115965169270109","0.065987630008487","Duguid","equal","1","1","1","1","13.5221893798297","0.285379794508792","0","0","120725","0.004","0.00632911392405063","389.83695374943","0","21.0513809851583","0","0.00533504843781106","9.11489913796698","1.35145672922227","0","1.30122286031709e-05","0","0.0219861635148928","0.0032908093034083","0.0253620949915868","0.0253620949915868"
