"ID","dt","DRk","Vts","gflow","gfhigh","Roomheight","RoomairflowNFFF","Roomvolumemin","Roomvolumemax","RoomACHmin","RoomACHmax","RoomUVCpurificationinroom","RoomUVCmaxflowrate","RoomUVCeffmin","RoomUVCeffmax","Roomwindowsopen","Roomwindspeedmin","Roomwindspeedmax","RoomsoaW","RoomsoaH","RoomsoaP","RoomNFw","RoomNFh","RoomNFd","Infected","InfStageofInfection","Infcoughrateperhourmin","Infcoughrateperhourmax","Infcoughrateperhourmode","InfCsprayprobmin","InfCsprayprobmax","InfCsprayprobmode","InfCexhaleprobmin","InfCexhaleprobmax","InfCexhaleprobmode","Infsurfaces","Infsalivastudy","InfsalivaIwasakimin","InfsalivaIwasakimax","InfsalivaChenshape","InfsalivaChenscale","InfEairTalkSmean","InfEairTalkSsd","Sufinger","Suface","Sueye","SuFFtimemin","SuFFtimemax","SuTmaxa","SuTmaxb","SuTmaxc","INACTIVaira","INACTIVairb","INACTIVairc","INACTIVsurfacea","INACTIVsurfaceb","INACTIVsurfacec","INACTIVskinmean","INACTIVskinsd","TRANSsurface.skinshape","TRANSsurface.skinscale","CONTACTsurfaceNF.handa","CONTACTsurfaceNF.handb","CONTACTsurfaceNF.handc","CONTACTsurfaceFF.handa","CONTACTsurfaceFF.handb","CONTACTsurfaceFF.handc","CONTACTface.handsize","CONTACTface.handmu","SuTARGETmin","SuTARGETmax","SuCeyeprob","SuCSPRAYprobmin","SuCSPRAYprobmax","SuCSPRAYprobmode","SuCinhaleprobmin","SuCinhaleprobmax","SuCinhaleprobmode","SuChandtouchmin","SuChandtouchmax","SuChandtouchmode","SuCfomiteprobmin","SuCfomiteprobmax","SuCfomiteprobmode","SuSPRAYprob","Su","V","W","Vn","NFsizeperc","betaNF","ACH","pSPRAY","FFtime","Tmax","Infcoughrateperhour","Ncough","FFinfected","COUGHrate","CONCsaliva","gf","Infactivity","InfEairTalkS","EairTalkS","InfEairTalkSQA","INACTIVair","INACTIVsurface","INACTIVskin","Aportals","TRANSsurface.skin","TRANSskin","CONTACTsurfaceNF.hand","CONTACTsurfaceFF.hand","CONTACTface.hand","pTARGET","ExtraExpVolStudy","distsalivavirusconc","Feye","Fspray","Finhale","Ffomite","rateEair","rateEsurface","rateEair2","rateEsurface2","nsteps","probthin","probinsp","Nsurface","Nsurface2","Nair","Nair2","doseFACE","doseLUNG","doseLUNGFF","doseSPRAY","rFACE","rSPRAY","rLUNGNF","rLUNGFF","rOVERALL","numberinfected"
"Office_MR_speaking_moresurfacetouches_highestpropdepositface_moreviralemm_changeviralemm",0.001,410,0.000285,130,130,2.75,3.7,110,112,3.2,3.6,"N",NA,NA,NA,"N",NA,NA,NA,NA,NA,2,2,2.75,1,"Peak",1,5,3,1,1,1,1,1,1,38400,"Chen",0,8.671451,3.47,6.1,7,0.7,10,10,5.2,0,30,15,25,20,0.096,0.42,0.253,0.036,0.053,0.044,71.9,23.5,0.94,0.23,0,822,248,0,720,25,0.54,8.58,0.01,0.1,1,1,1,1,1,1,1,1,1,1,1,1,1,0.05,5,"110.778142750263","6.34688592934328","11","0.0992975665316781","6.412593585751","3.4332242872566","0.05","0","22.2855132173844","3.69385072227196","1","0","0.0615641787045327","99056.352135611","130","resting-speaking","411.963735460513","411.963735460513","411.963735460513","0.00303198941736749","0.000738006862080243","0.462525515686954","15.2","0.551892963694927","0.551892963694927","8.41903596504726","1.23688113567737","0.403849797498911","0.0407877741684206","Duguid","equal","1","1","1","1","3.16897317098516","0.382656598412928","0","0","22285","0.004","0.00632911392405063","518.500054774995","0","4.91770404866988","0","0.0157516169200154","0.58032912472748","0","4.4275454016363","3.84178398695756e-05","2.47600760561184e-07","0.00141443563124677","0","0.0014530470920564","0.00726523546028199"
"Office_MR_speaking_moresurfacetouches_highestpropdepositface_moreviralemm_changeviralemm",0.001,410,0.000285,130,130,2.75,3.7,110,112,3.2,3.6,"N",NA,NA,NA,"N",NA,NA,NA,NA,NA,2,2,2.75,1,"Peak",1,5,3,1,1,1,1,1,1,38400,"Chen",0,8.671451,3.47,6.1,7,0.7,10,10,5.2,0,30,15,25,20,0.096,0.42,0.253,0.036,0.053,0.044,71.9,23.5,0.94,0.23,0,822,248,0,720,25,0.54,8.58,0.01,0.1,1,1,1,1,1,1,1,1,1,1,1,1,1,0.05,5,"111.619905095547","6.37095411994003","11","0.0985487309865021","6.38836808957951","3.23823555801064","0.05","0","19.317799460384","2.36746407095633","1","0","0.0394577345159388","100104175.422511","130","resting-speaking","1164.94205908568","1164.94205908568","1164.94205908568","0.00571384557083794","0.000733569842336128","1.68584388204876","15.2","0.147777838313467","0.147777838313467","6.09274235593359","7.78902483398633","0","0.0547310024523176","Duguid","equal","1","1","1","1","8.98568351230859","395.06304995934","0","0","19317","0.004","0.00632911392405063","538548.652301766","0","14.0046432043666","0","0","1.33857937088076","0","3960.33066262896","0","0.0499565462764987","0.0032595039790797","0","0.0533788838169477","0.266894419084739"
"Office_MR_speaking_moresurfacetouches_highestpropdepositface_moreviralemm_changeviralemm",0.001,410,0.000285,130,130,2.75,3.7,110,112,3.2,3.6,"N",NA,NA,NA,"N",NA,NA,NA,NA,NA,2,2,2.75,1,"Peak",1,5,3,1,1,1,1,1,1,38400,"Chen",0,8.671451,3.47,6.1,7,0.7,10,10,5.2,0,30,15,25,20,0.096,0.42,0.253,0.036,0.053,0.044,71.9,23.5,0.94,0.23,0,822,248,0,720,25,0.54,8.58,0.01,0.1,1,1,1,1,1,1,1,1,1,1,1,1,1,0.05,5,"111.278462435585","6.36120235734736","11","0.0988511142159925","6.39816149740786","3.45923854401335","0.05","0","18.6156791482197","4.66721342953427","1","0","0.0777868904922378","1646.5501711521","130","resting-speaking","1349.06428199639","1349.06428199639","1349.06428199639","0.00411162689838429","0.000752903793090918","0.42271920219689","15.2","0.340339031335082","0.340339031335082","8.08818436465339","9.26663919511726","0.161154475005383","0.0635462469165213","Duguid","equal","1","1","1","1","10.3774179848888","0.00655147461876938","0","0","18615","0.004","0.00632911392405063","8.70160926122236","0","16.0990833736774","0","8.48878711919986e-05","1.44748512892349","0","0.06329525431869","2.07043566846643e-07","9.94959670208573e-11","0.0035242268174509","0","0.00352443323119589","0.0176221661559795"
"Office_MR_speaking_moresurfacetouches_highestpropdepositface_moreviralemm_changeviralemm",0.001,410,0.000285,130,130,2.75,3.7,110,112,3.2,3.6,"N",NA,NA,NA,"N",NA,NA,NA,NA,NA,2,2,2.75,1,"Peak",1,5,3,1,1,1,1,1,1,38400,"Chen",0,8.671451,3.47,6.1,7,0.7,10,10,5.2,0,30,15,25,20,0.096,0.42,0.253,0.036,0.053,0.044,71.9,23.5,0.94,0.23,0,822,248,0,720,25,0.54,8.58,0.01,0.1,1,1,1,1,1,1,1,1,1,1,1,1,1,0.05,5,"111.907441390213","6.37915472856604","11","0.0982955187192945","6.38015563688152","3.319300434459","0.05","20","16.5100659789382","3.653777170254","1","0","0.0608962861709","6883632.21678021","130","resting-speaking","1223.73056069565","1223.73056069565","1223.73056069565","0.00237535181090777","0.00079270102520825","0.67773902012367","15.2","0.407714615792066","0.407714615792066","5.68343829449687","2.01173704077544","1.63536596609872","0.041405394913163","Duguid","equal","1","1","1","1","9.41540075909828","28.60265779195","0","0","16510","0.004","0.00632911392405063","36082.5290776378","0","14.7372452751281","0","1.63610347104885","0.901578247565421","0.0191894882098502","245.032444942609","0.00398254482086713","0.00105758040497284","0.00219655536926289","4.68025345072842e-05","0.00728161880610157","0.0364080940305079"
"Office_MR_speaking_moresurfacetouches_highestpropdepositface_moreviralemm_changeviralemm",0.001,410,0.000285,130,130,2.75,3.7,110,112,3.2,3.6,"N",NA,NA,NA,"N",NA,NA,NA,NA,NA,2,2,2.75,1,"Peak",1,5,3,1,1,1,1,1,1,38400,"Chen",0,8.671451,3.47,6.1,7,0.7,10,10,5.2,0,30,15,25,20,0.096,0.42,0.253,0.036,0.053,0.044,71.9,23.5,0.94,0.23,0,822,248,0,720,25,0.54,8.58,0.01,0.1,1,1,1,1,1,1,1,1,1,1,1,1,1,0.05,5,"111.130624777172","6.35697540364975","11","0.098982616376504","6.40241583703986","3.38506397241727","0.05","20","19.325565036973","2.87390424628649","1","0","0.0478984041047748","10120306.2749412","130","resting-speaking","718.239521804003","718.239521804003","718.239521804003","0.00304542200218987","0.000639153214768982","1.08180721758716","15.2","0.0117081304804706","0.0117081304804706","2.78408399535431","3.78861983410542","0","0.0450783602637239","Duguid","equal","1","1","1","1","5.52741768086757","32.7430756069253","0","0","19325","0.004","0.00632911392405063","51228.8366080738","0","8.60053904925808","0","0","0.659067431289044","0.0148550158262805","328.382425611067","0","0.00192561364779253","0.0016061902332889","3.62310895559714e-05","0.00357125594563349","0.0178562797281674"
"Office_MR_speaking_moresurfacetouches_highestpropdepositface_moreviralemm_changeviralemm",0.001,410,0.000285,130,130,2.75,3.7,110,112,3.2,3.6,"N",NA,NA,NA,"N",NA,NA,NA,NA,NA,2,2,2.75,1,"Peak",1,5,3,1,1,1,1,1,1,38400,"Chen",0,8.671451,3.47,6.1,7,0.7,10,10,5.2,0,30,15,25,20,0.096,0.42,0.253,0.036,0.053,0.044,71.9,23.5,0.94,0.23,0,822,248,0,720,25,0.54,8.58,0.01,0.1,1,1,1,1,1,1,1,1,1,1,1,1,1,0.05,5,"110.926566640381","6.35113638050505","11","0.0991647026781378","6.40830200480807","3.35596021804959","0.05","10","19.0009520771222","2.85021514751071","1","0","0.0475035857918452","3110932.77459111","130","resting-speaking","775.889952964926","775.889952964926","775.889952964926","0.00402787377432721","0.000814999632921904","1.1839175338728","15.2","0.914099404602646","0.914099404602646","8.05726489764905","2.1899117826053","2.68407602908519","0.0559488477418199","Duguid","equal","1","1","1","1","5.96914845440206","14.2327531933762","0","0","19000","0.004","0.00632911392405063","17463.5087163776","0","9.27293361075884","0","5.31481645688559","0.781609519963761","0.00763882092423383","140.405892929565","0.0128793095844926","0.00034487374521297","0.00190454872382984","1.8631096985855e-05","0.0151282233186895","0.0756411165934477"
"Office_MR_speaking_moresurfacetouches_highestpropdepositface_moreviralemm_changeviralemm",0.001,410,0.000285,130,130,2.75,3.7,110,112,3.2,3.6,"N",NA,NA,NA,"N",NA,NA,NA,NA,NA,2,2,2.75,1,"Peak",1,5,3,1,1,1,1,1,1,38400,"Chen",0,8.671451,3.47,6.1,7,0.7,10,10,5.2,0,30,15,25,20,0.096,0.42,0.253,0.036,0.053,0.044,71.9,23.5,0.94,0.23,0,822,248,0,720,25,0.54,8.58,0.01,0.1,1,1,1,1,1,1,1,1,1,1,1,1,1,0.05,5,"111.534184711985","6.36850730939463","11","0.0986244713081043","6.39082253073033","3.33961000181735","0.05","20","18.0207189958014","2.90633189795401","1","0","0.0484388649659002","30817999.0506066","130","resting-speaking","1175.91677446768","1175.91677446768","1175.91677446768","0.0043824196916992","0.000727446217932166","1.29840758841543","15.2","0.113875590809889","0.113875590809889","5.87267035044522","3.88962526103672","1.10983363120305","0.0227062407601625","Duguid","equal","1","1","1","1","9.05394172648298","98.3054945485886","0","0","18020","0.004","0.00632911392405063","135137.817924232","0","14.0982348823456","0","0.310334938363399","0.973880630688433","0.0209421314612327","918.437465232394","0.000756628096306722","0.0102165565260497","0.0023724997745026","5.10770649398973e-05","0.0134276369953394","0.0671381849766969"
"Office_MR_speaking_moresurfacetouches_highestpropdepositface_moreviralemm_changeviralemm",0.001,410,0.000285,130,130,2.75,3.7,110,112,3.2,3.6,"N",NA,NA,NA,"N",NA,NA,NA,NA,NA,2,2,2.75,1,"Peak",1,5,3,1,1,1,1,1,1,38400,"Chen",0,8.671451,3.47,6.1,7,0.7,10,10,5.2,0,30,15,25,20,0.096,0.42,0.253,0.036,0.053,0.044,71.9,23.5,0.94,0.23,0,822,248,0,720,25,0.54,8.58,0.01,0.1,1,1,1,1,1,1,1,1,1,1,1,1,1,0.05,5,"110.880791781005","6.34982581811228","11","0.0992056407905671","6.40962463630216","3.49931399989873","0.05","10","19.126877377436","2.15952380519035","1","0","0.0359920634198392","8339606815.71645","130","resting-speaking","1588.61195758983","1588.61195758983","1588.61195758983","0.00220888853963966","0.000844092839182482","1.35309670626701","15.2","0.0584169910715714","0.0584169910715714","2.03648607286077","0.125645853073008","0.0522824494697552","0.0276111948140897","Duguid","equal","1","1","1","1","14.5022326659939","36136.3461575017","0","0","19126","0.004","0.00632911392405063","42810866.86211","0","22.5047251352094","0","0.836399288377624","1.91309993505407","0.0183016566098265","358842.65332807","0.00203791888209548","0.05","0.00465522808242624","4.46371905842291e-05","0.057065974838251","0.285329874191255"
"Office_MR_speaking_moresurfacetouches_highestpropdepositface_moreviralemm_changeviralemm",0.001,410,0.000285,130,130,2.75,3.7,110,112,3.2,3.6,"N",NA,NA,NA,"N",NA,NA,NA,NA,NA,2,2,2.75,1,"Peak",1,5,3,1,1,1,1,1,1,38400,"Chen",0,8.671451,3.47,6.1,7,0.7,10,10,5.2,0,30,15,25,20,0.096,0.42,0.253,0.036,0.053,0.044,71.9,23.5,0.94,0.23,0,822,248,0,720,25,0.54,8.58,0.01,0.1,1,1,1,1,1,1,1,1,1,1,1,1,1,0.05,5,"110.665075721219","6.34364609012884","11","0.0993990193230477","6.41586863796391","3.49583946876228","0.05","0","22.2689127464588","4.17668583416454","2","0","0.069611430569409","46677.2315554","130","resting-speaking","661.172137650192","661.172137650192","661.172137650192","0.00178182772852259","0.000823577047136702","1.18120178214803","15.2","0.581962160889236","0.581962160889236","4.9202332075118","2.40881455923677","0.044905649924872","0.0901207098085433","Duguid","equal","1","1","1","1","5.08595939757094","0.311850980335137","0","0","22268","0.004","0.00632911392405063","378.654287925261","0","7.89140746652803","0","0.00236739444364791","0.931373222614922","0","3.60467414770589","5.77411611912826e-06","8.44832901303327e-07","0.00226906378031366","0","0.00227567154936531","0.0113783577468266"
"Office_MR_speaking_moresurfacetouches_highestpropdepositface_moreviralemm_changeviralemm",0.001,410,0.000285,130,130,2.75,3.7,110,112,3.2,3.6,"N",NA,NA,NA,"N",NA,NA,NA,NA,NA,2,2,2.75,1,"Peak",1,5,3,1,1,1,1,1,1,38400,"Chen",0,8.671451,3.47,6.1,7,0.7,10,10,5.2,0,30,15,25,20,0.096,0.42,0.253,0.036,0.053,0.044,71.9,23.5,0.94,0.23,0,822,248,0,720,25,0.54,8.58,0.01,0.1,1,1,1,1,1,1,1,1,1,1,1,1,1,0.05,5,"111.892267187592","6.37872221993749","11","0.0983088490070371","6.38058824270276","3.39389572627842","0.05","0","20.7307722458794","4.09986135094589","1","0","0.0683310225157649","13685843.0903031","130","resting-speaking","310.81926461831","310.81926461831","310.81926461831","0.00377781834005606","0.00081952033738943","0.99748187872651","15.2","0.00899385011305826","0.00899385011305826","5.22237816380754","5.18373490077669","1.49536156358873","0.0820892813755199","Duguid","equal","1","1","1","1","2.39441109845131","54.9926776456595","0","0","20730","0.004","0.00632911392405063","67103.4935152896","0","3.73211244540712","0","0.0111941186129393","0.39452891011448","0","591.63026674431","2.73023556081053e-05","0.0102838359243664","0.000961802805316769","0","0.0112830868910442","0.056415434455221"
"Office_MR_speaking_moresurfacetouches_highestpropdepositface_moreviralemm_changeviralemm",0.001,410,0.000285,130,130,2.75,3.7,110,112,3.2,3.6,"N",NA,NA,NA,"N",NA,NA,NA,NA,NA,2,2,2.75,1,"Peak",1,5,3,1,1,1,1,1,1,38400,"Chen",0,8.671451,3.47,6.1,7,0.7,10,10,5.2,0,30,15,25,20,0.096,0.42,0.253,0.036,0.053,0.044,71.9,23.5,0.94,0.23,0,822,248,0,720,25,0.54,8.58,0.01,0.1,1,1,1,1,1,1,1,1,1,1,1,1,1,0.05,5,"110.694596211426","6.34449213416791","11","0.0993725111837444","6.41501307580041","3.27912079039961","0.05","30","20.0704176306788","3.71197996749175","1","0","0.0618663327915292","12787032.8298165","130","resting-speaking","1267.99855613228","1267.99855613228","1267.99855613228","0.00379043208256083","0.000721930964472729","1.79638308670362","15.2","0.0115523164466162","0.0115523164466162","5.81352343545625","6.29088326117637","1.09614061873689","0.0727535956795327","Duguid","equal","1","1","1","1","9.75678026010461","38.6540028516642","0","0","20070","0.004","0.00632911392405063","53542.519650609","0","15.178283096326","0","0.00413599022330528","1.08342676322331","0.0413941174384245","402.434133754096","1.00877301509872e-05","0.00541086164663218","0.00263901595938409","0.000100956165628219","0.00817604411068","0.0408802205534"
"Office_MR_speaking_moresurfacetouches_highestpropdepositface_moreviralemm_changeviralemm",0.001,410,0.000285,130,130,2.75,3.7,110,112,3.2,3.6,"N",NA,NA,NA,"N",NA,NA,NA,NA,NA,2,2,2.75,1,"Peak",1,5,3,1,1,1,1,1,1,38400,"Chen",0,8.671451,3.47,6.1,7,0.7,10,10,5.2,0,30,15,25,20,0.096,0.42,0.253,0.036,0.053,0.044,71.9,23.5,0.94,0.23,0,822,248,0,720,25,0.54,8.58,0.01,0.1,1,1,1,1,1,1,1,1,1,1,1,1,1,0.05,5,"110.337587327696","6.33425283899003","11","0.0996940414088503","6.42538291958827","3.33821530686691","0.05","0","22.7104449885402","3.36429948034265","1","0","0.0560716580057108","4873.88113422474","130","resting-speaking","637.70935742181","637.70935742181","637.70935742181","0.00316199115916699","0.000851215114682045","1.01157216327579","15.2","0.0301585105976494","0.0301585105976494","6.6801613897433","4.63909077708676","0.704521642269611","0.0354106974950992","Duguid","equal","1","1","1","1","4.90545757354961","0.0170496340039587","0","0","22710","0.004","0.00632911392405063","20.0297594695875","0","7.61581170441346","0","9.38474836378947e-06","0.931103588065494","0","0.200957058208551","2.28896298581915e-08","5.50583911795854e-10","0.00226840762709446","0","0.00226843101663418","0.0113421550831709"
"Office_MR_speaking_moresurfacetouches_highestpropdepositface_moreviralemm_changeviralemm",0.001,410,0.000285,130,130,2.75,3.7,110,112,3.2,3.6,"N",NA,NA,NA,"N",NA,NA,NA,NA,NA,2,2,2.75,1,"Peak",1,5,3,1,1,1,1,1,1,38400,"Chen",0,8.671451,3.47,6.1,7,0.7,10,10,5.2,0,30,15,25,20,0.096,0.42,0.253,0.036,0.053,0.044,71.9,23.5,0.94,0.23,0,822,248,0,720,25,0.54,8.58,0.01,0.1,1,1,1,1,1,1,1,1,1,1,1,1,1,0.05,5,"110.02734858403","6.32534148798681","11","0.0999751438307096","6.43443521228033","3.33294686330482","0.05","30","23.4524392677992","2.86803548403291","1","0","0.0478005914005485","2252171152.21494","130","resting-speaking","3463.39215989767","3463.39215989767","3463.39215989767","0.00291734463916356","0.000752466644607271","0.413891275557391","15.2","0.135567187578187","0.135567187578187","7.49940634370324","5.0923842509488","0.554313342486696","0.09121176808374","Duguid","equal","1","1","1","1","27.114846225774","6626.47964618747","0","0","23452","0.004","0.00632911392405063","8806343.36907516","0","42.0640395542334","0","121.142876952919","3.81821742884268","0.14598722278391","80604.4066549207","0.255818581342745","0.05","0.00926949630642648","0.000356003012917605","0.326563433515738","1.63281716757869"
"Office_MR_speaking_moresurfacetouches_highestpropdepositface_moreviralemm_changeviralemm",0.001,410,0.000285,130,130,2.75,3.7,110,112,3.2,3.6,"N",NA,NA,NA,"N",NA,NA,NA,NA,NA,2,2,2.75,1,"Peak",1,5,3,1,1,1,1,1,1,38400,"Chen",0,8.671451,3.47,6.1,7,0.7,10,10,5.2,0,30,15,25,20,0.096,0.42,0.253,0.036,0.053,0.044,71.9,23.5,0.94,0.23,0,822,248,0,720,25,0.54,8.58,0.01,0.1,1,1,1,1,1,1,1,1,1,1,1,1,1,0.05,5,"110.367469277699","6.33511051141891","11","0.0996670492853524","6.42451302572213","3.36917037442327","0.05","10","18.0271075487283","1.38127143283696","0","0","0.0230211905472827","3207281.97651692","130","resting-speaking","1132.72199775192","1132.72199775192","1132.72199775192","0.00239028620752368","0.000812469771808338","1.70331960429705","15.2","0.0658010323560752","0.0658010323560752","5.40175383832482","10.0187389962775","0.610192176990479","0.0973917807685211","Duguid","equal","1","1","1","1","8.7132461365532","0","0","0","18027","0.004","0.00632911392405063","0","0","13.5345156159131","0","6.09435647587358e-07","1.06518669217082","0.00974503083356372","0","1.48642842479063e-09","0","0.0025946443986985","2.37680854213718e-05","0.00261847563645667","0.0130923781822833"
"Office_MR_speaking_moresurfacetouches_highestpropdepositface_moreviralemm_changeviralemm",0.001,410,0.000285,130,130,2.75,3.7,110,112,3.2,3.6,"N",NA,NA,NA,"N",NA,NA,NA,NA,NA,2,2,2.75,1,"Peak",1,5,3,1,1,1,1,1,1,38400,"Chen",0,8.671451,3.47,6.1,7,0.7,10,10,5.2,0,30,15,25,20,0.096,0.42,0.253,0.036,0.053,0.044,71.9,23.5,0.94,0.23,0,822,248,0,720,25,0.54,8.58,0.01,0.1,1,1,1,1,1,1,1,1,1,1,1,1,1,0.05,5,"111.064975757152","6.35509747460191","11","0.0990411236756757","6.404307748647","3.21619584755972","0.05","10","17.2686361345662","3.43056480161412","1","0","0.057176080026902","3381.94926837931","130","resting-speaking","1398.1367864048","1398.1367864048","1398.1367864048","0.00452163020414033","0.00080414537561812","1.77983348181526","15.2","0.193612193274475","0.193612193274475","4.02831935434619","7.75515712270577","1.15816905539902","0.0723136215982959","Duguid","equal","1","1","1","1","10.7548993092978","0.0129787843721127","0","0","17268","0.004","0.00632911392405063","16.1398482981218","0","16.7647889077376","0","0.000195540203885257","1.22784716518308","0.0119620198266155","0.116235843757745","4.76927212833544e-07","5.16059750488296e-10","0.00299026939510094","2.91752325083383e-05","0.00302000790206046","0.0151000395103023"
"Office_MR_speaking_moresurfacetouches_highestpropdepositface_moreviralemm_changeviralemm",0.001,410,0.000285,130,130,2.75,3.7,110,112,3.2,3.6,"N",NA,NA,NA,"N",NA,NA,NA,NA,NA,2,2,2.75,1,"Peak",1,5,3,1,1,1,1,1,1,38400,"Chen",0,8.671451,3.47,6.1,7,0.7,10,10,5.2,0,30,15,25,20,0.096,0.42,0.253,0.036,0.053,0.044,71.9,23.5,0.94,0.23,0,822,248,0,720,25,0.54,8.58,0.01,0.1,1,1,1,1,1,1,1,1,1,1,1,1,1,0.05,5,"110.589208019432","6.34147123793931","11","0.0994672102007204","6.41806900526536","3.31232993258163","0.05","10","21.087275539017","1.4008101335792","0","0","0.0233468355596534","10797847.8592894","130","resting-speaking","3839.91941136711","3839.91941136711","3839.91941136711","0.00437558601193556","0.000729984380481895","1.88819082652719","15.2","0.0654206841723811","0.0654206841723811","5.37828277649253","4.19174231339222","0.142265888945645","0.0413309813616797","Duguid","equal","1","1","1","1","29.5378416259009","0","0","0","21087","0.004","0.00632911392405063","0","0","45.8498790781747","0","2.61202865333339e-07","4.50124826859486","0.0456053073601708","0","6.37080166399073e-10","0","0.0109186088288069","0.000111226270875675","0.0110310501660215","0.0551552508301077"
"Office_MR_speaking_moresurfacetouches_highestpropdepositface_moreviralemm_changeviralemm",0.001,410,0.000285,130,130,2.75,3.7,110,112,3.2,3.6,"N",NA,NA,NA,"N",NA,NA,NA,NA,NA,2,2,2.75,1,"Peak",1,5,3,1,1,1,1,1,1,38400,"Chen",0,8.671451,3.47,6.1,7,0.7,10,10,5.2,0,30,15,25,20,0.096,0.42,0.253,0.036,0.053,0.044,71.9,23.5,0.94,0.23,0,822,248,0,720,25,0.54,8.58,0.01,0.1,1,1,1,1,1,1,1,1,1,1,1,1,1,0.05,5,"110.937793445308","6.35145776954344","11","0.0991546672994086","6.40797773940417","3.51215542666614","0.05","10","18.3626507106146","4.24365891298767","1","0","0.0707276485497945","1601732.88452018","130","resting-speaking","1980.9647731184","1980.9647731184","1980.9647731184","0.00396941122071735","0.000748414521579943","1.07752203542214","15.2","0.222694284236889","0.222694284236889","10.0453538835341","1.36561737225859","0.217833474210115","0.0572849518153817","Duguid","equal","1","1","1","1","15.2386222546738","7.43525439769726","0","0","18362","0.004","0.00632911392405063","9934.67414555378","0","23.5807093202331","0","0.0543505110539078","1.86121631138347","0.0187907026521652","70.8814816823019","0.000132553436099525","9.2954590381944e-05","0.00452926378671448","4.58299318550903e-05","0.00480065272693093","0.0240032636346546"
"Office_MR_speaking_moresurfacetouches_highestpropdepositface_moreviralemm_changeviralemm",0.001,410,0.000285,130,130,2.75,3.7,110,112,3.2,3.6,"N",NA,NA,NA,"N",NA,NA,NA,NA,NA,2,2,2.75,1,"Peak",1,5,3,1,1,1,1,1,1,38400,"Chen",0,8.671451,3.47,6.1,7,0.7,10,10,5.2,0,30,15,25,20,0.096,0.42,0.253,0.036,0.053,0.044,71.9,23.5,0.94,0.23,0,822,248,0,720,25,0.54,8.58,0.01,0.1,1,1,1,1,1,1,1,1,1,1,1,1,1,0.05,5,"111.884214670397","6.37849268801443","11","0.0983159244796524","6.38081785003497","3.56508033489808","0.05","20","17.4431385903735","3.25041665786229","1","0","0.0541736109643715","2182763.99938523","130","resting-speaking","5484.05342005478","5484.05342005478","5484.05342005478","0.00220127732046541","0.000727280466955609","1.71208337572717","15.2","0.300134438874684","0.300134438874684","6.48580467600497","7.2290854219926","1.31857004293328","0.0424743842659518","Duguid","equal","1","1","1","1","42.1856758010334","11.3479935198432","0","0","17443","0.004","0.00632911392405063","15603.3250382014","0","65.6211135199032","0","0.304773841480456","4.26693738448267","0.0912447071538468","102.763505745978","0.000743074616095019","0.000145990420372888","0.0103531971947464","0.000222523304244993","0.0114612171474292","0.0573060857371458"
"Office_MR_speaking_moresurfacetouches_highestpropdepositface_moreviralemm_changeviralemm",0.001,410,0.000285,130,130,2.75,3.7,110,112,3.2,3.6,"N",NA,NA,NA,"N",NA,NA,NA,NA,NA,2,2,2.75,1,"Peak",1,5,3,1,1,1,1,1,1,38400,"Chen",0,8.671451,3.47,6.1,7,0.7,10,10,5.2,0,30,15,25,20,0.096,0.42,0.253,0.036,0.053,0.044,71.9,23.5,0.94,0.23,0,822,248,0,720,25,0.54,8.58,0.01,0.1,1,1,1,1,1,1,1,1,1,1,1,1,1,0.05,5,"111.023174445145","6.35390143412676","11","0.0990784136282733","6.40551327746455","3.56328236144036","0.05","0","24.3797288638947","3.827018390055","2","0","0.06378363983425","147730790.593463","130","resting-speaking","1789.07269789278","1789.07269789278","1789.07269789278","0.0042305723845765","0.000820217716755306","0.777810889165279","15.2","0.237001215433548","0.237001215433548","11.2084867424374","2.25068462298667","0.533229884244217","0.0605121449450962","Duguid","equal","1","1","1","1","13.8182747311611","683.050710582446","0","0","24379","0.004","0.00632911392405063","832767.564793068","0","21.3534672900271","0","19.8109345047064","2.82584979226056","0","8637.42247167846","0.0471705499350842","0.0975","0.00686861902756541","0","0.156515581062024","0.782577905310118"
"Office_MR_speaking_moresurfacetouches_highestpropdepositface_moreviralemm_changeviralemm",0.001,410,0.000285,130,130,2.75,3.7,110,112,3.2,3.6,"N",NA,NA,NA,"N",NA,NA,NA,NA,NA,2,2,2.75,1,"Peak",1,5,3,1,1,1,1,1,1,38400,"Chen",0,8.671451,3.47,6.1,7,0.7,10,10,5.2,0,30,15,25,20,0.096,0.42,0.253,0.036,0.053,0.044,71.9,23.5,0.94,0.23,0,822,248,0,720,25,0.54,8.58,0.01,0.1,1,1,1,1,1,1,1,1,1,1,1,1,1,0.05,5,"110.167348036077","6.32936440974137","11","0.0998480965194678","6.43034550789328","3.28544775824994","0.05","10","19.8025372598248","2.42987104446744","1","0","0.040497850741124","59588.1013155791","130","resting-speaking","313.16763513377","313.16763513377","313.16763513377","0.00334440912958607","0.000689692659392177","0.69979969553895","15.2","0.175048907101595","0.175048907101595","5.05119212424322","2.99413036242004","0.504985793930957","0.0698855159501545","Duguid","equal","1","1","1","1","2.40899577417399","0.175433403065983","0","0","19802","0.004","0.00632911392405063","254.364608172851","0","3.74142719903349","0","0.00255769952295917","0.339396278510905","0.00325332582455205","1.80200203688482","6.23827206136518e-06","1.12645106242759e-07","0.000827453272822853","7.93490955397491e-06","0.000841740647780194","0.00420870323890097"
"Office_MR_speaking_moresurfacetouches_highestpropdepositface_moreviralemm_changeviralemm",0.001,410,0.000285,130,130,2.75,3.7,110,112,3.2,3.6,"N",NA,NA,NA,"N",NA,NA,NA,NA,NA,2,2,2.75,1,"Peak",1,5,3,1,1,1,1,1,1,38400,"Chen",0,8.671451,3.47,6.1,7,0.7,10,10,5.2,0,30,15,25,20,0.096,0.42,0.253,0.036,0.053,0.044,71.9,23.5,0.94,0.23,0,822,248,0,720,25,0.54,8.58,0.01,0.1,1,1,1,1,1,1,1,1,1,1,1,1,1,0.05,5,"111.595018933993","6.37024386386332","11","0.0985707077706253","6.38908036643309","3.33543184781447","0.05","10","22.0166679009635","1.94092512103274","1","0","0.0323487520172123","76576277091.9485","130","resting-speaking","2779.16253865974","2779.16253865974","2779.16253865974","0.0024089394171237","0.000748584981270892","1.28836462083048","15.2","0.115661643657799","0.115661643657799","9.62157381366725","0.935027728966116","0","0.0905090291751549","Duguid","equal","1","1","1","1","37.4551772829762","397940.544468709","0","0","22016","0.004","0.00632911392405063","531590339.67408","0","58.5235512979484","0","0","6.16116393696312","0.0604877106773631","4549672.59643775","0","0.05","0.0149148837575898","0.000147520119489042","0.0658178343286386","0.329089171643193"
"Office_MR_speaking_moresurfacetouches_highestpropdepositface_moreviralemm_changeviralemm",0.001,410,0.000285,130,130,2.75,3.7,110,112,3.2,3.6,"N",NA,NA,NA,"N",NA,NA,NA,NA,NA,2,2,2.75,1,"Peak",1,5,3,1,1,1,1,1,1,38400,"Chen",0,8.671451,3.47,6.1,7,0.7,10,10,5.2,0,30,15,25,20,0.096,0.42,0.253,0.036,0.053,0.044,71.9,23.5,0.94,0.23,0,822,248,0,720,25,0.54,8.58,0.01,0.1,1,1,1,1,1,1,1,1,1,1,1,1,1,0.05,5,"110.920472348575","6.3509619127864","11","0.0991701510739317","6.4084780477204","3.44498996296898","0.05","20","21.4133908943174","3.39159133905117","1","0","0.0565265223175196","16562867.0160498","130","resting-speaking","1925.6046103432","1925.6046103432","1925.6046103432","0.00455398212951515","0.000703207786141117","1.87025949753908","15.2","0.177519734572816","0.177519734572816","4.92156193105946","3.19653682340664","0.186798999735325","0.0511724496609531","Duguid","equal","1","1","1","1","14.8160636939415","44.771807961904","0","0","21413","0.004","0.00632911392405063","63667.9639279754","0","22.9441976340164","0","0.101121743213207","2.05210943618399","0.0436715780670712","497.294707535502","0.000246607985331604","0.00590268664049465","0.00499264009982425","0.00010651037143361","0.0112793369352526","0.056396684676263"
"Office_MR_speaking_moresurfacetouches_highestpropdepositface_moreviralemm_changeviralemm",0.001,410,0.000285,130,130,2.75,3.7,110,112,3.2,3.6,"N",NA,NA,NA,"N",NA,NA,NA,NA,NA,2,2,2.75,1,"Peak",1,5,3,1,1,1,1,1,1,38400,"Chen",0,8.671451,3.47,6.1,7,0.7,10,10,5.2,0,30,15,25,20,0.096,0.42,0.253,0.036,0.053,0.044,71.9,23.5,0.94,0.23,0,822,248,0,720,25,0.54,8.58,0.01,0.1,1,1,1,1,1,1,1,1,1,1,1,1,1,0.05,5,"111.554137890227","6.36907693869305","11","0.0986068308001659","6.39025095657766","3.58561899987981","0.05","0","22.0048533968291","3.8812857761123","1","0","0.0646880962685383","11578.7279449554","130","resting-speaking","850.262696038012","850.262696038012","850.262696038012","0.00272188166754414","0.000670555216192735","1.28130161111806","15.2","0.118093478631965","0.118093478631965","7.35326239445636","2.49910547329087","0.227222599934271","0.0840614077192731","Duguid","equal","1","1","1","1","6.54048489797325","0.0381250127575205","0","0","22004","0.004","0.00632911392405063","56.8558887275322","0","10.1467150957708","0","0.000190345223958861","1.16153755215593","0","0.435396029096707","4.64256535992469e-07","6.21716633730784e-09","0.0028290092101575","0","0.00282947838806512","0.0141473919403256"
"Office_MR_speaking_moresurfacetouches_highestpropdepositface_moreviralemm_changeviralemm",0.001,410,0.000285,130,130,2.75,3.7,110,112,3.2,3.6,"N",NA,NA,NA,"N",NA,NA,NA,NA,NA,2,2,2.75,1,"Peak",1,5,3,1,1,1,1,1,1,38400,"Chen",0,8.671451,3.47,6.1,7,0.7,10,10,5.2,0,30,15,25,20,0.096,0.42,0.253,0.036,0.053,0.044,71.9,23.5,0.94,0.23,0,822,248,0,720,25,0.54,8.58,0.01,0.1,1,1,1,1,1,1,1,1,1,1,1,1,1,0.05,5,"111.393342918251","6.364485065745","11","0.0987491685932495","6.39486141919885","3.38850263711065","0.05","30","17.2434709177769","3.22012253779572","1","0","0.053668708963262","11102.8828667662","130","resting-speaking","3340.54058933216","3340.54058933216","3340.54058933216","0.00422476362626711","0.000820659747271344","1.26172682317986","15.2","0.29374800670861","0.29374800670861","5.51507604235672","0.867206106295574","0.695915576232901","0.0787523762159981","Duguid","equal","1","1","1","1","25.6964690391948","0.0483811341029899","0","0","17243","0.004","0.00632911392405063","58.9539504817374","0","39.9491269185595","0","0.00120828408124361","2.25232083651486","0.08439850811291","0.433029976133496","2.94703000203178e-06","5.33763511167962e-09","0.0054784039661061","0.000205828834126009","0.00568829727661868","0.0284414863830934"
"Office_MR_speaking_moresurfacetouches_highestpropdepositface_moreviralemm_changeviralemm",0.001,410,0.000285,130,130,2.75,3.7,110,112,3.2,3.6,"N",NA,NA,NA,"N",NA,NA,NA,NA,NA,2,2,2.75,1,"Peak",1,5,3,1,1,1,1,1,1,38400,"Chen",0,8.671451,3.47,6.1,7,0.7,10,10,5.2,0,30,15,25,20,0.096,0.42,0.253,0.036,0.053,0.044,71.9,23.5,0.94,0.23,0,822,248,0,720,25,0.54,8.58,0.01,0.1,1,1,1,1,1,1,1,1,1,1,1,1,1,0.05,5,"110.73649975704","6.34569287733571","11","0.0993349078590562","6.41379921574273","3.56691993679851","0.05","10","23.6436215901928","1.96521520800145","1","0","0.0327535868000242","1286.48280089556","130","resting-speaking","1618.91983740206","1618.91983740206","1618.91983740206","0.00260138091882106","0.000743058610375242","1.16675201249491","15.2","0.293142530551744","0.293142530551744","8.66314737991246","4.0968074753825","1.35343055960908","0.0354517611511983","Duguid","equal","1","1","1","1","12.4532297931571","0.00403214757166758","0","0","23643","0.004","0.00632911392405063","5.42641928290335","0","19.2682393101908","0","0.000204307635418695","2.22092197473797","0.0218200218448262","0.0494935569546349","4.98311181762467e-07","2.83717493942959e-11","0.0054022380103137","5.32181493392292e-05","0.0054562393311373","0.0272811966556865"
"Office_MR_speaking_moresurfacetouches_highestpropdepositface_moreviralemm_changeviralemm",0.001,410,0.000285,130,130,2.75,3.7,110,112,3.2,3.6,"N",NA,NA,NA,"N",NA,NA,NA,NA,NA,2,2,2.75,1,"Peak",1,5,3,1,1,1,1,1,1,38400,"Chen",0,8.671451,3.47,6.1,7,0.7,10,10,5.2,0,30,15,25,20,0.096,0.42,0.253,0.036,0.053,0.044,71.9,23.5,0.94,0.23,0,822,248,0,720,25,0.54,8.58,0.01,0.1,1,1,1,1,1,1,1,1,1,1,1,1,1,0.05,5,"111.560939466581","6.36927110048583","11","0.0986008190016647","6.39005615523189","3.23680238584057","0.05","0","17.6184844092637","2.57671580212009","1","0","0.0429452633686682","4059503.85018945","130","resting-speaking","1752.52834036706","1752.52834036706","1752.52834036706","0.00273044443419253","0.00077191932644918","0.810375516742193","15.2","0.258431492410582","0.258431492410582","6.99393419172817","3.87645704207646","0.0567585710990104","0.0459745866269805","Duguid","equal","1","1","1","1","13.4821263434612","16.6788975589882","0","0","17618","0.004","0.00632911392405063","21607.0475080744","0","21.1064347204827","0","0.0295605166381321","1.77825332481182","0","152.455960164902","7.20962220110977e-05","0.000484613585340465","0.00432781114867697","0","0.00488634134328978","0.0244317067164489"
"Office_MR_speaking_moresurfacetouches_highestpropdepositface_moreviralemm_changeviralemm",0.001,410,0.000285,130,130,2.75,3.7,110,112,3.2,3.6,"N",NA,NA,NA,"N",NA,NA,NA,NA,NA,2,2,2.75,1,"Peak",1,5,3,1,1,1,1,1,1,38400,"Chen",0,8.671451,3.47,6.1,7,0.7,10,10,5.2,0,30,15,25,20,0.096,0.42,0.253,0.036,0.053,0.044,71.9,23.5,0.94,0.23,0,822,248,0,720,25,0.54,8.58,0.01,0.1,1,1,1,1,1,1,1,1,1,1,1,1,1,0.05,5,"111.8615430356","6.37784640299673","11","0.0983358507445156","6.38146443615771","3.42068350454792","0.05","0","18.8978740895631","3.74486839370982","1","0","0.0624144732284969","3153.73150028798","130","resting-speaking","1000.09807181736","1000.09807181736","1000.09807181736","0.00405318383365112","0.000784016814424216","1.56091926008238","15.2","0.0475671254614976","0.0475671254614976","9.19662437995084","9.23554252195418","0.211664020039646","0.0465259313909337","Duguid","equal","1","1","1","1","7.69306290236414","0.0136934345466052","0","0","18897","0.004","0.00632911392405063","17.4657409059035","0","11.976029697506","0","5.71082621644506e-06","1.10168601311298","0","0.1342818668499","1.39288443001817e-08","3.49659856624385e-10","0.00268343219824074","0","0.00268344644030608","0.0134172322015304"
"Office_MR_speaking_moresurfacetouches_highestpropdepositface_moreviralemm_changeviralemm",0.001,410,0.000285,130,130,2.75,3.7,110,112,3.2,3.6,"N",NA,NA,NA,"N",NA,NA,NA,NA,NA,2,2,2.75,1,"Peak",1,5,3,1,1,1,1,1,1,38400,"Chen",0,8.671451,3.47,6.1,7,0.7,10,10,5.2,0,30,15,25,20,0.096,0.42,0.253,0.036,0.053,0.044,71.9,23.5,0.94,0.23,0,822,248,0,720,25,0.54,8.58,0.01,0.1,1,1,1,1,1,1,1,1,1,1,1,1,1,0.05,5,"111.853898159694","6.37762846090483","11","0.0983425717027339","6.38168250933603","3.44468890372664","0.05","0","18.7614449413643","3.06472265973131","1","0","0.0510787109955218","1810770.02689924","130","resting-speaking","1509.10475849157","1509.10475849157","1509.10475849157","0.00447991514924192","0.000687449358170801","1.38393454789894","15.2","0.130106473056257","0.130106473056257","5.29217521009998","6.3358459574188","0.106601597384992","0.0222770932270214","Duguid","equal","1","1","1","1","11.6089596361046","7.3531577315424","0","0","18761","0.004","0.00632911392405063","10696.2900527074","0","18.0482377962412","0","0.0034199762141397","1.63786561730535","0","71.6273926551198","8.34137061089812e-06","3.5136933665747e-05","0.00398682561271679","0","0.00403041104048922","0.0201520552024461"
"Office_MR_speaking_moresurfacetouches_highestpropdepositface_moreviralemm_changeviralemm",0.001,410,0.000285,130,130,2.75,3.7,110,112,3.2,3.6,"N",NA,NA,NA,"N",NA,NA,NA,NA,NA,2,2,2.75,1,"Peak",1,5,3,1,1,1,1,1,1,38400,"Chen",0,8.671451,3.47,6.1,7,0.7,10,10,5.2,0,30,15,25,20,0.096,0.42,0.253,0.036,0.053,0.044,71.9,23.5,0.94,0.23,0,822,248,0,720,25,0.54,8.58,0.01,0.1,1,1,1,1,1,1,1,1,1,1,1,1,1,0.05,5,"110.860886736307","6.34925584004091","11","0.0992234531387477","6.41020003373148","3.43355952519923","0.05","20","19.777705755451","3.6504478045761","1","0","0.060840796742935","430110.882972944","130","resting-speaking","1513.00774893916","1513.00774893916","1513.00774893916","0.0058727677635754","0.000629004228831431","1.46015867454375","15.2","0.516001786611472","0.516001786611472","6.58448059331482","8.09023612949816","3.03371891269357","0.0879040114325471","Duguid","equal","1","1","1","1","11.6386271967389","1.25376523081929","0","0","19777","0.004","0.00632911392405063","1993.25405673114","0","17.9878029026114","0","0.414281947574554","1.40863311820892","0.0307685565774981","12.8579550033879","0.00100993344816114","8.14909157809129e-06","0.00342979530082976","7.50424441200437e-05","0.00451982666995199","0.02259913334976"
"Office_MR_speaking_moresurfacetouches_highestpropdepositface_moreviralemm_changeviralemm",0.001,410,0.000285,130,130,2.75,3.7,110,112,3.2,3.6,"N",NA,NA,NA,"N",NA,NA,NA,NA,NA,2,2,2.75,1,"Peak",1,5,3,1,1,1,1,1,1,38400,"Chen",0,8.671451,3.47,6.1,7,0.7,10,10,5.2,0,30,15,25,20,0.096,0.42,0.253,0.036,0.053,0.044,71.9,23.5,0.94,0.23,0,822,248,0,720,25,0.54,8.58,0.01,0.1,1,1,1,1,1,1,1,1,1,1,1,1,1,0.05,5,"111.252966794651","6.36047358999029","11","0.098873767746829","6.39889458295229","3.37172380583361","0.05","20","21.4347761673852","3.54380710600194","1","0","0.059063451766699","108746.727756772","130","resting-speaking","597.829123898993","597.829123898993","597.829123898993","0.00333064268826667","0.000802770953994004","1.41459060638954","15.2","0.140081291499143","0.140081291499143","4.24358018670151","5.22502300542427","0.606491054465994","0.0737115550530143","Duguid","equal","1","1","1","1","4.59871039203571","0.377776878856318","0","0","21434","0.004","0.00632911392405063","470.59111565606","0","7.15837071524189","0","0.00238996116538726","0.636389950272746","0.0144218521293961","4.20180657002118","5.82915658453587e-06","5.4999396925659e-07","0.00155096661663456","3.51746304542155e-05","0.00159256699245854","0.0079628349622927"
"Office_MR_speaking_moresurfacetouches_highestpropdepositface_moreviralemm_changeviralemm",0.001,410,0.000285,130,130,2.75,3.7,110,112,3.2,3.6,"N",NA,NA,NA,"N",NA,NA,NA,NA,NA,2,2,2.75,1,"Peak",1,5,3,1,1,1,1,1,1,38400,"Chen",0,8.671451,3.47,6.1,7,0.7,10,10,5.2,0,30,15,25,20,0.096,0.42,0.253,0.036,0.053,0.044,71.9,23.5,0.94,0.23,0,822,248,0,720,25,0.54,8.58,0.01,0.1,1,1,1,1,1,1,1,1,1,1,1,1,1,0.05,5,"110.845033710357","6.34880185433317","11","0.099237644049471","6.41065840985753","3.59587252885103","0.05","30","22.9128544837158","2.29685401037764","1","0","0.0382809001729607","13688.0802261396","130","resting-speaking","1068.3202611991","1068.3202611991","1068.3202611991","0.00502094020893706","0.000736734002918859","1.27054434061","15.2","0.346423585912102","0.346423585912102","6.86083201743168","7.06771846417695","0","0.0368758282903582","Duguid","equal","1","1","1","1","8.21785101704509","0.034589671581747","0","0","22912","0.004","0.00632911392405063","46.9500137698363","0","12.6638099009037","0","0","1.06282478872025","0.0413542710598614","0.410941868043923","0","3.55907248117404e-09","0.00258889858909728","0.000100858989145913","0.00269002226058434","0.0134501113029217"
"Office_MR_speaking_moresurfacetouches_highestpropdepositface_moreviralemm_changeviralemm",0.001,410,0.000285,130,130,2.75,3.7,110,112,3.2,3.6,"N",NA,NA,NA,"N",NA,NA,NA,NA,NA,2,2,2.75,1,"Peak",1,5,3,1,1,1,1,1,1,38400,"Chen",0,8.671451,3.47,6.1,7,0.7,10,10,5.2,0,30,15,25,20,0.096,0.42,0.253,0.036,0.053,0.044,71.9,23.5,0.94,0.23,0,822,248,0,720,25,0.54,8.58,0.01,0.1,1,1,1,1,1,1,1,1,1,1,1,1,1,0.05,5,"111.526025581174","6.36827436541125","11","0.0986316865743029","6.39105629949907","3.43735239962116","0.05","30","21.2587743972657","3.66948384021125","1","0","0.0611580640035208","37812109.2625103","130","resting-speaking","532.216931223661","532.216931223661","532.216931223661","0.00374074539966896","0.000797048865487712","1.49578267653964","15.2","0.401958335992956","0.401958335992956","3.55990529044908","6.15389544711935","3.01052162293193","0.0765653763478622","Duguid","equal","1","1","1","1","4.10227353581853","165.172356544861","0","0","21258","0.004","0.00632911392405063","207229.899817739","0","6.3777876502782","0","17.1331298000787","0.491154512551345","0.0186805332702932","1823.08749642227","0.0409270339772579","0.0395860633127345","0.0011972205943942","4.5561238324221e-05","0.0833801544506253","0.416900772253126"
"Office_MR_speaking_moresurfacetouches_highestpropdepositface_moreviralemm_changeviralemm",0.001,410,0.000285,130,130,2.75,3.7,110,112,3.2,3.6,"N",NA,NA,NA,"N",NA,NA,NA,NA,NA,2,2,2.75,1,"Peak",1,5,3,1,1,1,1,1,1,38400,"Chen",0,8.671451,3.47,6.1,7,0.7,10,10,5.2,0,30,15,25,20,0.096,0.42,0.253,0.036,0.053,0.044,71.9,23.5,0.94,0.23,0,822,248,0,720,25,0.54,8.58,0.01,0.1,1,1,1,1,1,1,1,1,1,1,1,1,1,0.05,5,"110.921402356587","6.35098853741647","11","0.0991693195929625","6.40845118208266","3.54414402730763","0.05","0","19.4406012356086","3.30069558973388","1","0","0.0550115931622314","121833710.911385","130","resting-speaking","1905.01338216873","1905.01338216873","1905.01338216873","0.00395358806457676","0.00083090786498545","0.972471616637399","15.2","0.284473103714022","0.284473103714022","9.6583337657598","0.992964720915012","0","0.0101238082535565","Duguid","equal","1","1","1","1","14.6843356733809","515.59375686797","0","0","19440","0.004","0.00632911392405063","620518.566010925","0","22.703296739662","0","0","2.16834190537299","0","5201.76964179922","0","0.0443551529444406","0.0052746785644936","0","0.0498637906833951","0.249318953416975"
"Office_MR_speaking_moresurfacetouches_highestpropdepositface_moreviralemm_changeviralemm",0.001,410,0.000285,130,130,2.75,3.7,110,112,3.2,3.6,"N",NA,NA,NA,"N",NA,NA,NA,NA,NA,2,2,2.75,1,"Peak",1,5,3,1,1,1,1,1,1,38400,"Chen",0,8.671451,3.47,6.1,7,0.7,10,10,5.2,0,30,15,25,20,0.096,0.42,0.253,0.036,0.053,0.044,71.9,23.5,0.94,0.23,0,822,248,0,720,25,0.54,8.58,0.01,0.1,1,1,1,1,1,1,1,1,1,1,1,1,1,0.05,5,"111.365277349018","6.36368324876025","11","0.0987740547309564","6.39566716459827","3.47123725507408","0.05","10","21.9347144442868","3.30956433042178","1","0","0.0551594055070296","487847.969339866","130","resting-speaking","455.273817061627","455.273817061627","455.273817061627","0.00291541988774812","0.000833262020756982","1.2899277631016","15.2","0.240929711541915","0.240929711541915","10.6299524138226","2.01420549197623","0.0455898344398307","0.0365765221579932","Duguid","equal","1","1","1","1","3.50221035440798","1.98653415970282","0","0","21934","0.004","0.00632911392405063","2384.04500651325","0","5.44351536369453","0","0.00224174029124824","0.564591825454934","0.00536282483095415","22.6231255829273","5.46764429931734e-06","5.83918290064656e-06","0.00137610553007617","1.30799750196475e-05","0.00140051102306552","0.0070025551153276"
"Office_MR_speaking_moresurfacetouches_highestpropdepositface_moreviralemm_changeviralemm",0.001,410,0.000285,130,130,2.75,3.7,110,112,3.2,3.6,"N",NA,NA,NA,"N",NA,NA,NA,NA,NA,2,2,2.75,1,"Peak",1,5,3,1,1,1,1,1,1,38400,"Chen",0,8.671451,3.47,6.1,7,0.7,10,10,5.2,0,30,15,25,20,0.096,0.42,0.253,0.036,0.053,0.044,71.9,23.5,0.94,0.23,0,822,248,0,720,25,0.54,8.58,0.01,0.1,1,1,1,1,1,1,1,1,1,1,1,1,1,0.05,5,"111.934785689227","6.37993404608906","11","0.0982715063263721","6.37937629229089","3.34442319944501","0.05","20","16.0504384068711","3.22999854840271","1","0","0.0538333091400452","84669.4313394234","130","resting-speaking","492.182915150198","492.182915150198","492.182915150198","0.00408218229697558","0.000830215671253995","0.955932373912441","15.2","0.262289806543866","0.262289806543866","5.57413940971388","0.321992214498018","0","0.0437149575888179","Duguid","equal","1","1","1","1","3.78604852754505","0.378834806085045","0","0","16050","0.004","0.00632911392405063","456.308907675564","0","5.90703296563576","0","0","0.343424877084702","0.00723497573843822","3.15520076398162","0","1.82545297433556e-07","0.000837270944337387","1.76461265941619e-05","0.000855114546881848","0.00427557273440924"
"Office_MR_speaking_moresurfacetouches_highestpropdepositface_moreviralemm_changeviralemm",0.001,410,0.000285,130,130,2.75,3.7,110,112,3.2,3.6,"N",NA,NA,NA,"N",NA,NA,NA,NA,NA,2,2,2.75,1,"Peak",1,5,3,1,1,1,1,1,1,38400,"Chen",0,8.671451,3.47,6.1,7,0.7,10,10,5.2,0,30,15,25,20,0.096,0.42,0.253,0.036,0.053,0.044,71.9,23.5,0.94,0.23,0,822,248,0,720,25,0.54,8.58,0.01,0.1,1,1,1,1,1,1,1,1,1,1,1,1,1,0.05,5,"110.622895292938","6.34243702209569","11","0.0994369200957105","6.41709170437324","3.36228941930458","0.05","20","20.5010388380502","4.35065158802966","1","0","0.0725108598004943","11404063.442057","130","resting-speaking","1941.50428705505","1941.50428705505","1941.50428705505","0.00330019455232957","0.000656697637511218","1.31001709640344","15.2","0.301534181297989","0.301534181297989","7.70766995375429","1.61769521505665","0.0487780159776093","0.0739852731837891","Duguid","equal","1","1","1","1","14.937406666634","37.5304555159796","0","0","20501","0.004","0.00632911392405063","57150.2825230409","0","23.1984233960804","0","0.121946204497865","1.9480297204634","0.0435374432603779","398.972521189174","0.000297385539219763","0.00614835464226926","0.0047400224686347","0.000106183248160696","0.0113227078999161","0.0566135394995805"
"Office_MR_speaking_moresurfacetouches_highestpropdepositface_moreviralemm_changeviralemm",0.001,410,0.000285,130,130,2.75,3.7,110,112,3.2,3.6,"N",NA,NA,NA,"N",NA,NA,NA,NA,NA,2,2,2.75,1,"Peak",1,5,3,1,1,1,1,1,1,38400,"Chen",0,8.671451,3.47,6.1,7,0.7,10,10,5.2,0,30,15,25,20,0.096,0.42,0.253,0.036,0.053,0.044,71.9,23.5,0.94,0.23,0,822,248,0,720,25,0.54,8.58,0.01,0.1,1,1,1,1,1,1,1,1,1,1,1,1,1,0.05,5,"110.18837045785","6.32996827387857","11","0.0998290468793869","6.42973206800322","3.36984261609614","0.05","0","20.3531071505516","2.67798254289259","1","0","0.0446330423815432","1499628.16767255","130","resting-speaking","2823.9097251097","2823.9097251097","2823.9097251097","0.00423936880208621","0.000640367631105785","1.65083914337421","15.2","0.0614057717668005","0.0614057717668005","13.1253918578315","7.15009398823654","0.245662736554919","0.0108833758160472","Duguid","equal","1","1","1","1","21.7227133238856","4.48702934812113","0","0","20353","0.004","0.00632911392405063","7006.95839415391","0","33.6204354022462","0","0.00128285977177454","3.47745422570378","0","47.3887962699332","3.12892137754872e-06","1.03190490496896e-05","0.00844572841536195","0","0.00845923714421497","0.0422961857210748"
"Office_MR_speaking_moresurfacetouches_highestpropdepositface_moreviralemm_changeviralemm",0.001,410,0.000285,130,130,2.75,3.7,110,112,3.2,3.6,"N",NA,NA,NA,"N",NA,NA,NA,NA,NA,2,2,2.75,1,"Peak",1,5,3,1,1,1,1,1,1,38400,"Chen",0,8.671451,3.47,6.1,7,0.7,10,10,5.2,0,30,15,25,20,0.096,0.42,0.253,0.036,0.053,0.044,71.9,23.5,0.94,0.23,0,822,248,0,720,25,0.54,8.58,0.01,0.1,1,1,1,1,1,1,1,1,1,1,1,1,1,0.05,5,"111.589737481903","6.37009311996738","11","0.0985753730425604","6.38923155964923","3.3712596568279","0.05","30","18.6807894418423","3.13298649730732","1","0","0.0522164416217887","138115.885462758","130","resting-speaking","2204.11950379878","2204.11950379878","2204.11950379878","0.00411253777261438","0.000711693909848574","1.61901428798157","15.2","0.229867124359438","0.229867124359438","9.67387178244981","7.54787326329795","0","0.0885431589791551","Duguid","equal","1","1","1","1","16.95479847304","0.508210501651174","0","0","18680","0.004","0.00632911392405063","714.085781286656","0","26.3963379224736","0","0","1.6914467159389","0.0628188939488725","4.92511379878752","0","1.00719074747069e-06","0.00411698169346875","0.000153205077412788","0.00427182900565594","0.0213591450282797"
"Office_MR_speaking_moresurfacetouches_highestpropdepositface_moreviralemm_changeviralemm",0.001,410,0.000285,130,130,2.75,3.7,110,112,3.2,3.6,"N",NA,NA,NA,"N",NA,NA,NA,NA,NA,2,2,2.75,1,"Peak",1,5,3,1,1,1,1,1,1,38400,"Chen",0,8.671451,3.47,6.1,7,0.7,10,10,5.2,0,30,15,25,20,0.096,0.42,0.253,0.036,0.053,0.044,71.9,23.5,0.94,0.23,0,822,248,0,720,25,0.54,8.58,0.01,0.1,1,1,1,1,1,1,1,1,1,1,1,1,1,0.05,5,"111.358359944075","6.36348560700603","11","0.0987801904187907","6.39586580587067","3.3675298771821","0.05","0","18.8567294256785","3.1832992372036","1","0","0.0530549872867266","957.890907513474","130","resting-speaking","1638.7779351666","1638.7779351666","1638.7779351666","0.00524336662980138","0.000773266568605423","1.33685962844554","15.2","0.464154647907557","0.464154647907557","4.87660439381644","3.29106092499539","0.477283191418343","0.0973185362410732","Duguid","equal","1","1","1","1","12.6059843542432","0.00355359939164594","0","0","18856","0.004","0.00632911392405063","4.59556837954964","0","19.5747974618141","0","0.000209281376487733","1.79579915541929","0","0.0347531712359672","5.10442251355769e-07","6.13296080587133e-11","0.00437041973834029","0","0.00437092801134243","0.0218546400567122"
"Office_MR_speaking_moresurfacetouches_highestpropdepositface_moreviralemm_changeviralemm",0.001,410,0.000285,130,130,2.75,3.7,110,112,3.2,3.6,"N",NA,NA,NA,"N",NA,NA,NA,NA,NA,2,2,2.75,1,"Peak",1,5,3,1,1,1,1,1,1,38400,"Chen",0,8.671451,3.47,6.1,7,0.7,10,10,5.2,0,30,15,25,20,0.096,0.42,0.253,0.036,0.053,0.044,71.9,23.5,0.94,0.23,0,822,248,0,720,25,0.54,8.58,0.01,0.1,1,1,1,1,1,1,1,1,1,1,1,1,1,0.05,5,"111.745601603296","6.37454031435838","11","0.0984378789158139","6.38477411591938","3.5114961088635","0.05","10","17.9385491003583","1.50470152095829","0","0","0.0250783586826382","850903.906155498","130","resting-speaking","304.304056640654","304.304056640654","304.304056640654","0.00366868075655941","0.00068480395166217","0.911425405100788","15.2","0.158170283721466","0.158170283721466","4.54569236651592","3.76847512444518","0.668950422515514","0.0736564615997486","Duguid","equal","1","1","1","1","2.34080043569734","0","0","0","17938","0.004","0.00632911392405063","0","0","3.63589625719684","0","7.2811726765705e-07","0.276932422192932","0.00268759494679883","0","1.77589576377812e-09","0","0.000675216870600237","6.55508814162431e-06","0.000681778159556261","0.0034088907977813"
"Office_MR_speaking_moresurfacetouches_highestpropdepositface_moreviralemm_changeviralemm",0.001,410,0.000285,130,130,2.75,3.7,110,112,3.2,3.6,"N",NA,NA,NA,"N",NA,NA,NA,NA,NA,2,2,2.75,1,"Peak",1,5,3,1,1,1,1,1,1,38400,"Chen",0,8.671451,3.47,6.1,7,0.7,10,10,5.2,0,30,15,25,20,0.096,0.42,0.253,0.036,0.053,0.044,71.9,23.5,0.94,0.23,0,822,248,0,720,25,0.54,8.58,0.01,0.1,1,1,1,1,1,1,1,1,1,1,1,1,1,0.05,5,"111.58650824707","6.37000094896725","11","0.0985782257443192","6.3893240089075","3.205063160602","0.05","0","16.8108419687869","3.03312287499082","1","0","0.0505520479165137","5098241.94770364","130","resting-speaking","1872.0446965821","1872.0446965821","1872.0446965821","0.00448981092687332","0.000792338484721116","1.08731075692346","15.2","0.0388111056330535","0.0388111056330535","3.87579814002682","1.0493958034116","1.13022298557548","0.0775995257962495","Duguid","equal","1","1","1","1","14.4017643762998","28.3607646083637","0","0","16810","0.004","0.00632911392405063","35793.7487011577","0","22.5051450586736","0","0.0397042964131643","1.76011502911713","0","247.53862998101","9.68350585321964e-05","0.00143681807949103","0.00428376188998758","0","0.00582329492659053","0.0291164746329527"
"Office_MR_speaking_moresurfacetouches_highestpropdepositface_moreviralemm_changeviralemm",0.001,410,0.000285,130,130,2.75,3.7,110,112,3.2,3.6,"N",NA,NA,NA,"N",NA,NA,NA,NA,NA,2,2,2.75,1,"Peak",1,5,3,1,1,1,1,1,1,38400,"Chen",0,8.671451,3.47,6.1,7,0.7,10,10,5.2,0,30,15,25,20,0.096,0.42,0.253,0.036,0.053,0.044,71.9,23.5,0.94,0.23,0,822,248,0,720,25,0.54,8.58,0.01,0.1,1,1,1,1,1,1,1,1,1,1,1,1,1,0.05,5,"110.796338966582","6.3474071719112","11","0.0992812587726187","6.41206699014162","3.30546053377911","0.05","20","15.5826458761976","1.43902051612934","0","0","0.0239836752688223","1090638.12484168","130","resting-speaking","1135.81286213111","1135.81286213111","1135.81286213111","0.00328337371198686","0.000753482831195467","1.16805174893696","15.2","0.0557580383598873","0.0557580383598873","10.3051961901855","6.07930451901729","0.449217678153904","0.0581273915898055","Duguid","equal","1","1","1","1","8.73702201639317","0","0","0","15582","0.004","0.00632911392405063","0","0","13.5990096693326","0","2.62851133596864e-07","0.76424378240856","0.0163020610925501","0","6.41100283971241e-10","0","0.0018622730391139","3.97603341529829e-05","0.00190210805779712","0.00951054028898562"
"Office_MR_speaking_moresurfacetouches_highestpropdepositface_moreviralemm_changeviralemm",0.001,410,0.000285,130,130,2.75,3.7,110,112,3.2,3.6,"N",NA,NA,NA,"N",NA,NA,NA,NA,NA,2,2,2.75,1,"Peak",1,5,3,1,1,1,1,1,1,38400,"Chen",0,8.671451,3.47,6.1,7,0.7,10,10,5.2,0,30,15,25,20,0.096,0.42,0.253,0.036,0.053,0.044,71.9,23.5,0.94,0.23,0,822,248,0,720,25,0.54,8.58,0.01,0.1,1,1,1,1,1,1,1,1,1,1,1,1,1,0.05,5,"110.707549405284","6.34486333129648","11","0.099360884231396","6.41463777466166","3.36742567643523","0.05","10","22.5911568253141","2.27407785197396","1","0","0.0379012975328994","13314844.8009689","130","resting-speaking","1905.00231546767","1905.00231546767","1905.00231546767","0.00457803172688916","0.000826677886390342","1.63287809953147","15.2","0.13342173644133","0.13342173644133","8.21279452658262","5.98457876802522","0.0442651081453018","0.0780487197614275","Duguid","equal","1","1","1","1","14.6567228947386","41.6682967809228","0","0","22591","0.004","0.00632911392405063","50404.5136163807","0","22.7222999746666","0","0.0322442020649017","2.45684541954003","0.0245438010296754","488.547880642092","7.86413028908139e-05","0.00671422292086732","0.00597438784433424","5.98611375912661e-05","0.0128680546366567","0.0643402731832835"
"Office_MR_speaking_moresurfacetouches_highestpropdepositface_moreviralemm_changeviralemm",0.001,410,0.000285,130,130,2.75,3.7,110,112,3.2,3.6,"N",NA,NA,NA,"N",NA,NA,NA,NA,NA,2,2,2.75,1,"Peak",1,5,3,1,1,1,1,1,1,38400,"Chen",0,8.671451,3.47,6.1,7,0.7,10,10,5.2,0,30,15,25,20,0.096,0.42,0.253,0.036,0.053,0.044,71.9,23.5,0.94,0.23,0,822,248,0,720,25,0.54,8.58,0.01,0.1,1,1,1,1,1,1,1,1,1,1,1,1,1,0.05,5,"110.381471684203","6.33551236886754","11","0.0996544060534961","6.42410552301944","3.50484144678339","0.05","0","22.328214123763","3.28601972730242","1","0","0.0547669954550404","86192.9474719055","130","resting-speaking","3116.69944074684","3116.69944074684","3116.69944074684","0.00562118917747433","0.000766387396266333","1.92251165471582","15.2","0.0309953716574232","0.0309953716574232","6.56285083979274","4.8717511207602","0","0.0535946664353833","Duguid","equal","1","1","1","1","23.9746301363022","0.227184221674207","0","0","22328","0.004","0.00632911392405063","296.435226859155","0","36.9275315892083","0","0","4.30629002275554","0","2.63117711447799","0","1.85180969114462e-07","0.0104481809598389","0","0.0104483680756123","0.0522418403780615"
"Office_MR_speaking_moresurfacetouches_highestpropdepositface_moreviralemm_changeviralemm",0.001,410,0.000285,130,130,2.75,3.7,110,112,3.2,3.6,"N",NA,NA,NA,"N",NA,NA,NA,NA,NA,2,2,2.75,1,"Peak",1,5,3,1,1,1,1,1,1,38400,"Chen",0,8.671451,3.47,6.1,7,0.7,10,10,5.2,0,30,15,25,20,0.096,0.42,0.253,0.036,0.053,0.044,71.9,23.5,0.94,0.23,0,822,248,0,720,25,0.54,8.58,0.01,0.1,1,1,1,1,1,1,1,1,1,1,1,1,1,0.05,5,"110.625056747347","6.34249898404972","11","0.0994349772413906","6.41702901369846","3.22725447779521","0.05","0","17.6093813278998","2.59156163179942","1","0","0.0431926938633237","235.485409442456","130","resting-speaking","925.462083945745","925.462083945745","925.462083945745","0.00223162987570006","0.000718517364218825","1.11415948035486","15.2","0.208014973622016","0.208014973622016","8.49317370606579","0.757131194053843","0","0.0342453782400116","Duguid","equal","1","1","1","1","7.11893917106998","0.00117448786575865","0","0","17609","0.004","0.00632911392405063","1.634599140183","0","11.1133990252451","0","0","0.940457700764105","0","0.0107357622441889","0","1.38089539802877e-12","0.00229117052293415","0","0.00229117052431821","0.011455852621591"
"Office_MR_speaking_moresurfacetouches_highestpropdepositface_moreviralemm_changeviralemm",0.001,410,0.000285,130,130,2.75,3.7,110,112,3.2,3.6,"N",NA,NA,NA,"N",NA,NA,NA,NA,NA,2,2,2.75,1,"Peak",1,5,3,1,1,1,1,1,1,38400,"Chen",0,8.671451,3.47,6.1,7,0.7,10,10,5.2,0,30,15,25,20,0.096,0.42,0.253,0.036,0.053,0.044,71.9,23.5,0.94,0.23,0,822,248,0,720,25,0.54,8.58,0.01,0.1,1,1,1,1,1,1,1,1,1,1,1,1,1,0.05,5,"111.377520985436","6.36403305475204","11","0.0987631965828941","6.39531561980326","3.24078154461458","0.05","20","16.6448241095386","2.53617656873405","1","0","0.0422696094789008","566.20004782222","130","resting-speaking","5050.04045124442","5050.04045124442","5050.04045124442","0.00274134841755766","0.000687563367850092","0.916115712975634","15.2","0.274845986196108","0.274845986196108","6.83914128317882","1.08047454525748","0.0600787363939118","0.0602754396433011","Duguid","equal","1","1","1","1","38.8464651762295","0.00308834183864605","0","0","16644","0.004","0.00632911392405063","4.49171957532124","0","60.7616077300145","0","9.54115700113615e-06","3.76190089853725","0.0804497867019238","0.0266809001506439","2.32711143688391e-08","1.58554280815792e-11","0.00913340280275576","0.000196199742268588","0.00933141759548106","0.0466570879774053"
"Office_MR_speaking_moresurfacetouches_highestpropdepositface_moreviralemm_changeviralemm",0.001,410,0.000285,130,130,2.75,3.7,110,112,3.2,3.6,"N",NA,NA,NA,"N",NA,NA,NA,NA,NA,2,2,2.75,1,"Peak",1,5,3,1,1,1,1,1,1,38400,"Chen",0,8.671451,3.47,6.1,7,0.7,10,10,5.2,0,30,15,25,20,0.096,0.42,0.253,0.036,0.053,0.044,71.9,23.5,0.94,0.23,0,822,248,0,720,25,0.54,8.58,0.01,0.1,1,1,1,1,1,1,1,1,1,1,1,1,1,0.05,5,"111.77447917033","6.37536392316919","11","0.0984124469346658","6.38394929144187","3.52962240427732","0.05","20","21.2651730606634","3.98977950470806","1","0","0.0664963250784677","200034.331240206","130","resting-speaking","2075.93712296304","2075.93712296304","2075.93712296304","0.00337537910007821","0.000696075737085114","0.653002461442977","15.2","0.0635712763613701","0.0635712763613701","5.22305162896757","5.83397672453996","0.987530171520026","0.0203306617750786","Duguid","equal","1","1","1","1","15.96879113842","0.775865263255563","0","0","21265","0.004","0.00632911392405063","1114.62765029647","0","24.8064138706898","0","0.00127139290673815","2.15849006839374","0.0481506263156461","8.56607024145161","3.10095350120054e-06","4.65407234973014e-07","0.00525077615120872","0.000117433656117716","0.00537237936970084","0.0268618968485042"
"Office_MR_speaking_moresurfacetouches_highestpropdepositface_moreviralemm_changeviralemm",0.001,410,0.000285,130,130,2.75,3.7,110,112,3.2,3.6,"N",NA,NA,NA,"N",NA,NA,NA,NA,NA,2,2,2.75,1,"Peak",1,5,3,1,1,1,1,1,1,38400,"Chen",0,8.671451,3.47,6.1,7,0.7,10,10,5.2,0,30,15,25,20,0.096,0.42,0.253,0.036,0.053,0.044,71.9,23.5,0.94,0.23,0,822,248,0,720,25,0.54,8.58,0.01,0.1,1,1,1,1,1,1,1,1,1,1,1,1,1,0.05,5,"110.917182165198","6.35086771924473","11","0.0991730928001471","6.40857309571553","3.28543251547962","0.05","0","20.1892831760175","3.37695891935646","1","0","0.056282648655941","3944866.84888082","130","resting-speaking","369.753061927445","369.753061927445","369.753061927445","0.00328032845419971","0.000818663381873202","0.902942004038334","15.2","0.114208092160012","0.114208092160012","4.89744970695545","6.21754409831393","0.693437200218694","0.0538392419251613","Duguid","equal","1","1","1","1","2.84520246373724","15.0195364065254","0","0","20189","0.004","0.00632911392405063","18346.4128713793","0","4.43302859101029","0","0.0965772494902449","0.456209389634249","0","157.311538958205","0.000235526526321195","0.000617068078032856","0.00111208700079157","0","0.00196525141007263","0.00982625705036317"
"Office_MR_speaking_moresurfacetouches_highestpropdepositface_moreviralemm_changeviralemm",0.001,410,0.000285,130,130,2.75,3.7,110,112,3.2,3.6,"N",NA,NA,NA,"N",NA,NA,NA,NA,NA,2,2,2.75,1,"Peak",1,5,3,1,1,1,1,1,1,38400,"Chen",0,8.671451,3.47,6.1,7,0.7,10,10,5.2,0,30,15,25,20,0.096,0.42,0.253,0.036,0.053,0.044,71.9,23.5,0.94,0.23,0,822,248,0,720,25,0.54,8.58,0.01,0.1,1,1,1,1,1,1,1,1,1,1,1,1,1,0.05,5,"111.266342160758","6.36085592184396","11","0.0988618820964492","6.3985099647095","3.27714433483779","0.05","20","22.1224356295981","3.17018425958833","1","0","0.0528364043264721","28129470.6200188","130","resting-speaking","474.338110587383","474.338110587383","474.338110587383","0.00409509596366473","0.000644311298624192","1.75531747965422","15.2","0.0510543951867445","0.0510543951867445","4.86087276301573","4.73515604111197","0.542435751692049","0.0547698420542292","Duguid","equal","1","1","1","1","3.65513716067139","112.609288314241","0","0","22122","0.004","0.00632911392405063","174774.660253044","0","5.69711203493067","0","0.0969676799863334","0.538167289869242","0.0117887977250425","1293.04021591487","0.000236478571085885","0.0244247862560577","0.00131174205930928","2.87527518146868e-05","0.0260400198653021","0.130200099326511"
"Office_MR_speaking_moresurfacetouches_highestpropdepositface_moreviralemm_changeviralemm",0.001,410,0.000285,130,130,2.75,3.7,110,112,3.2,3.6,"N",NA,NA,NA,"N",NA,NA,NA,NA,NA,2,2,2.75,1,"Peak",1,5,3,1,1,1,1,1,1,38400,"Chen",0,8.671451,3.47,6.1,7,0.7,10,10,5.2,0,30,15,25,20,0.096,0.42,0.253,0.036,0.053,0.044,71.9,23.5,0.94,0.23,0,822,248,0,720,25,0.54,8.58,0.01,0.1,1,1,1,1,1,1,1,1,1,1,1,1,1,0.05,5,"111.988456579391","6.38146339954861","11","0.0982244093363486","6.37784743901828","3.56662365952507","0.05","30","19.0676344293386","4.26446929266694","1","0","0.0710744882111157","11578470.6530181","130","resting-speaking","597.15904371446","597.15904371446","597.15904371446","0.00579866887983649","0.000725367894404749","1.52528628103908","15.2","0.206201582613414","0.206201582613414","4.58985049157444","0.318573778598976","2.77957919722076","0.0156733914930373","Duguid","equal","1","1","1","1","4.59630738809433","54.0353663924618","0","0","19067","0.004","0.00632911392405063","74493.7387073139","0","7.11261125499707","0","0.546775074734179","0.455376719386544","0.0170710957867566","534.964747515305","0.0013327088969487","0.00132912525344109","0.00111005835422928","4.16359521917542e-05","0.0038154550251263","0.0190772751256315"
